episode_id,show_id,show_tconst,show_primary_title,show_start_year,show_end_year,show_runtime_minutes,show_genres,show_season_num,episode_num,episode_primary_title,episode_airdate,episode_airtime,episode_runtime,episode_airstamp,show_average_rating,show_num_votes,episode_average_rating,episode_num_votes,show_max_episode_num,show_max_season_num,show_final_season,show_season_finale,show_series_finale,show_season_premiere,show_series_premiere
1,1,tt0944947,Game of Thrones,2011,2019.0,57,"Action,Adventure,Drama",8,1,Winterfell,2019-04-14,21:00:00,60,2019-04-15 01:00:00,9.4,1570280,7.6,117556,6,8,1,0,0,1,0
2,1,tt0944947,Game of Thrones,2011,2019.0,57,"Action,Adventure,Drama",8,2,A Knight of the Seven Kingdoms,2019-04-21,21:00:00,60,2019-04-22 01:00:00,9.4,1570280,7.9,115634,6,8,1,0,0,0,0
3,1,tt0944947,Game of Thrones,2011,2019.0,57,"Action,Adventure,Drama",8,3,The Long Night,2019-04-28,21:00:00,90,2019-04-29 01:00:00,9.4,1570280,7.5,194916,6,8,1,0,0,0,0
4,1,tt0944947,Game of Thrones,2011,2019.0,57,"Action,Adventure,Drama",8,4,The Last of the Starks,2019-05-05,21:00:00,78,2019-05-06 01:00:00,9.4,1570280,5.6,147885,6,8,1,0,0,0,0
5,1,tt0944947,Game of Thrones,2011,2019.0,57,"Action,Adventure,Drama",8,5,The Bells,2019-05-12,21:00:00,79,2019-05-13 01:00:00,9.4,1570280,6.1,172315,6,8,1,0,0,0,0
6,1,tt0944947,Game of Thrones,2011,2019.0,57,"Action,Adventure,Drama",8,6,The Iron Throne,2019-05-19,21:00:00,80,2019-05-20 01:00:00,9.4,1570280,4.2,209961,6,8,1,1,1,0,0
7,3,tt1520211,The Walking Dead,2010,,44,"Drama,Horror,Thriller",9,1,A New Beginning,2018-10-07,21:00:00,90,2018-10-08 01:00:00,8.3,793062,7.3,5939,16,10,0,0,0,1,0
8,3,tt1520211,The Walking Dead,2010,,44,"Drama,Horror,Thriller",9,2,The Bridge,2018-10-14,21:00:00,60,2018-10-15 01:00:00,8.3,793062,7.7,4933,16,10,0,0,0,0,0
9,3,tt1520211,The Walking Dead,2010,,44,"Drama,Horror,Thriller",9,3,Warning Signs,2018-10-21,21:00:00,60,2018-10-22 01:00:00,8.3,793062,7.8,4625,16,10,0,0,0,0,0
10,3,tt1520211,The Walking Dead,2010,,44,"Drama,Horror,Thriller",9,4,The Obliged,2018-10-28,21:00:00,60,2018-10-29 01:00:00,8.3,793062,8.0,4813,16,10,0,0,0,0,0
11,3,tt1520211,The Walking Dead,2010,,44,"Drama,Horror,Thriller",9,5,What Comes After,2018-11-04,21:00:00,60,2018-11-05 02:00:00,8.3,793062,9.0,9421,16,10,0,0,0,0,0
12,3,tt1520211,The Walking Dead,2010,,44,"Drama,Horror,Thriller",9,6,Who Are You Now?,2018-11-11,21:00:00,60,2018-11-12 02:00:00,8.3,793062,7.8,4717,16,10,0,0,0,0,0
13,3,tt1520211,The Walking Dead,2010,,44,"Drama,Horror,Thriller",9,7,Stradivarius,2018-11-18,21:00:00,60,2018-11-19 02:00:00,8.3,793062,7.2,4254,16,10,0,0,0,0,0
14,3,tt1520211,The Walking Dead,2010,,44,"Drama,Horror,Thriller",9,8,Evolution,2018-11-25,21:00:00,60,2018-11-26 02:00:00,8.3,793062,8.8,5920,16,10,0,0,0,0,0
15,3,tt1520211,The Walking Dead,2010,,44,"Drama,Horror,Thriller",9,9,Adaptation,2019-02-10,21:00:00,60,2019-02-11 02:00:00,8.3,793062,8.1,3596,16,10,0,0,0,0,0
16,3,tt1520211,The Walking Dead,2010,,44,"Drama,Horror,Thriller",9,10,Omega,2019-02-17,21:00:00,60,2019-02-18 02:00:00,8.3,793062,8.1,3630,16,10,0,0,0,0,0
17,3,tt1520211,The Walking Dead,2010,,44,"Drama,Horror,Thriller",9,11,Bounty,2019-02-24,21:00:00,60,2019-02-25 02:00:00,8.3,793062,8.1,3534,16,10,0,0,0,0,0
18,3,tt1520211,The Walking Dead,2010,,44,"Drama,Horror,Thriller",9,12,Guardians,2019-03-03,21:00:00,60,2019-03-04 02:00:00,8.3,793062,8.1,3319,16,10,0,0,0,0,0
19,3,tt1520211,The Walking Dead,2010,,44,"Drama,Horror,Thriller",9,13,Chokepoint,2019-03-10,21:00:00,60,2019-03-11 01:00:00,8.3,793062,8.5,3554,16,10,0,0,0,0,0
20,3,tt1520211,The Walking Dead,2010,,44,"Drama,Horror,Thriller",9,14,Scars,2019-03-17,21:00:00,60,2019-03-18 01:00:00,8.3,793062,8.2,3767,16,10,0,0,0,0,0
21,3,tt1520211,The Walking Dead,2010,,44,"Drama,Horror,Thriller",9,15,The Calm Before,2019-03-24,21:00:00,85,2019-03-25 01:00:00,8.3,793062,9.4,7005,16,10,0,0,0,0,0
22,3,tt1520211,The Walking Dead,2010,,44,"Drama,Horror,Thriller",9,16,The Storm,2019-03-31,21:00:00,60,2019-04-01 01:00:00,8.3,793062,7.8,3874,16,10,0,1,0,0,0
23,6,tt0898266,The Big Bang Theory,2007,2019.0,22,"Comedy,Romance",12,1,The Conjugal Configuration,2018-09-24,20:00:00,30,2018-09-25 00:00:00,8.2,656240,7.3,1335,24,12,0,0,0,1,0
24,6,tt0898266,The Big Bang Theory,2007,2019.0,22,"Comedy,Romance",12,2,The Wedding Gift Wormhole,2018-09-27,20:00:00,30,2018-09-28 00:00:00,8.2,656240,7.7,1226,24,12,0,0,0,0,0
25,6,tt0898266,The Big Bang Theory,2007,2019.0,22,"Comedy,Romance",12,3,The Procreation Calculation,2018-10-04,20:00:00,30,2018-10-05 00:00:00,8.2,656240,7.3,1163,24,12,0,0,0,0,0
26,6,tt0898266,The Big Bang Theory,2007,2019.0,22,"Comedy,Romance",12,4,The Tam Turbulence,2018-10-11,20:00:00,30,2018-10-12 00:00:00,8.2,656240,7.2,1109,24,12,0,0,0,0,0
27,6,tt0898266,The Big Bang Theory,2007,2019.0,22,"Comedy,Romance",12,5,The Planetarium Collision,2018-10-18,20:00:00,30,2018-10-19 00:00:00,8.2,656240,6.9,1098,24,12,0,0,0,0,0
28,6,tt0898266,The Big Bang Theory,2007,2019.0,22,"Comedy,Romance",12,6,The Imitation Perturbation,2018-10-25,20:00:00,30,2018-10-26 00:00:00,8.2,656240,8.4,1373,24,12,0,0,0,0,0
29,6,tt0898266,The Big Bang Theory,2007,2019.0,22,"Comedy,Romance",12,7,The Grant Allocation Derivation,2018-11-01,20:00:00,30,2018-11-02 00:00:00,8.2,656240,7.4,1069,24,12,0,0,0,0,0
30,6,tt0898266,The Big Bang Theory,2007,2019.0,22,"Comedy,Romance",12,8,The Consummation Deviation,2018-11-08,20:00:00,30,2018-11-09 01:00:00,8.2,656240,7.5,1093,24,12,0,0,0,0,0
31,6,tt0898266,The Big Bang Theory,2007,2019.0,22,"Comedy,Romance",12,9,The Citation Negation,2018-11-15,20:00:00,30,2018-11-16 01:00:00,8.2,656240,7.3,1084,24,12,0,0,0,0,0
32,6,tt0898266,The Big Bang Theory,2007,2019.0,22,"Comedy,Romance",12,10,The VCR Illumination,2018-12-06,20:00:00,30,2018-12-07 01:00:00,8.2,656240,7.6,1102,24,12,0,0,0,0,0
33,6,tt0898266,The Big Bang Theory,2007,2019.0,22,"Comedy,Romance",12,11,The Paintball Scattering,2019-01-03,20:00:00,30,2019-01-04 01:00:00,8.2,656240,7.4,1051,24,12,1,0,0,0,0
34,6,tt0898266,The Big Bang Theory,2007,2019.0,22,"Comedy,Romance",12,12,The Propagation Proposition,2019-01-10,20:00:00,30,2019-01-11 01:00:00,8.2,656240,7.2,1011,24,12,1,0,0,0,0
35,6,tt0898266,The Big Bang Theory,2007,2019.0,22,"Comedy,Romance",12,13,The Confirmation Polarization,2019-01-17,20:00:00,30,2019-01-18 01:00:00,8.2,656240,7.2,994,24,12,1,0,0,0,0
36,6,tt0898266,The Big Bang Theory,2007,2019.0,22,"Comedy,Romance",12,14,The Meteorite Manifestation,2019-01-31,20:00:00,30,2019-02-01 01:00:00,8.2,656240,7.2,993,24,12,1,0,0,0,0
37,6,tt0898266,The Big Bang Theory,2007,2019.0,22,"Comedy,Romance",12,15,The Donation Oscillation,2019-02-07,20:00:00,30,2019-02-08 01:00:00,8.2,656240,7.6,1016,24,12,1,0,0,0,0
38,6,tt0898266,The Big Bang Theory,2007,2019.0,22,"Comedy,Romance",12,16,The D & D Vortex,2019-02-21,20:00:00,30,2019-02-22 01:00:00,8.2,656240,8.1,1139,24,12,1,0,0,0,0
39,6,tt0898266,The Big Bang Theory,2007,2019.0,22,"Comedy,Romance",12,17,The Conference Valuation,2019-03-07,20:00:00,30,2019-03-08 01:00:00,8.2,656240,7.2,984,24,12,1,0,0,0,0
40,6,tt0898266,The Big Bang Theory,2007,2019.0,22,"Comedy,Romance",12,18,The Laureate Accumulation,2019-04-04,20:00:00,30,2019-04-05 00:00:00,8.2,656240,7.2,932,24,12,1,0,0,0,0
41,6,tt0898266,The Big Bang Theory,2007,2019.0,22,"Comedy,Romance",12,19,The Inspiration Deprivation,2019-04-18,20:00:00,30,2019-04-19 00:00:00,8.2,656240,7.0,929,24,12,1,0,0,0,0
42,6,tt0898266,The Big Bang Theory,2007,2019.0,22,"Comedy,Romance",12,20,The Decision Reverberation,2019-04-25,20:00:00,30,2019-04-26 00:00:00,8.2,656240,7.3,923,24,12,1,0,0,0,0
43,6,tt0898266,The Big Bang Theory,2007,2019.0,22,"Comedy,Romance",12,21,The Plagiarism Schism,2019-05-02,20:00:00,30,2019-05-03 00:00:00,8.2,656240,7.3,944,24,12,1,0,0,0,0
44,6,tt0898266,The Big Bang Theory,2007,2019.0,22,"Comedy,Romance",12,22,The Maternal Conclusion,2019-05-09,20:00:00,30,2019-05-10 00:00:00,8.2,656240,8.0,1242,24,12,1,0,0,0,0
45,6,tt0898266,The Big Bang Theory,2007,2019.0,22,"Comedy,Romance",12,23,The Change Constant,2019-05-16,20:00:00,30,2019-05-17 00:00:00,8.2,656240,9.2,2559,24,12,1,0,0,0,0
46,6,tt0898266,The Big Bang Theory,2007,2019.0,22,"Comedy,Romance",12,24,The Stockholm Syndrome,2019-05-16,20:30:00,30,2019-05-17 00:30:00,8.2,656240,9.6,4507,24,12,1,1,1,0,0
47,7,tt4574334,Stranger Things,2016,,51,"Drama,Fantasy,Horror",3,1,"Chapter One: Suzie, Do You Copy?",2019-07-04,,51,2019-07-04 12:00:00,8.9,636155,8.1,11804,8,3,0,0,0,1,0
48,7,tt4574334,Stranger Things,2016,,51,"Drama,Fantasy,Horror",3,2,Chapter Two: The Mall Rats,2019-07-04,,50,2019-07-04 12:00:00,8.9,636155,8.2,10490,8,3,0,0,0,0,0
49,7,tt4574334,Stranger Things,2016,,51,"Drama,Fantasy,Horror",3,3,Chapter Three: The Case of the Missing Lifeguard,2019-07-04,,50,2019-07-04 12:00:00,8.9,636155,8.6,10037,8,3,0,0,0,0,0
50,7,tt4574334,Stranger Things,2016,,51,"Drama,Fantasy,Horror",3,4,Chapter Four: The Sauna Test,2019-07-04,,53,2019-07-04 12:00:00,8.9,636155,9.1,10729,8,3,0,0,0,0,0
51,7,tt4574334,Stranger Things,2016,,51,"Drama,Fantasy,Horror",3,5,Chapter Five: The Flayed,2019-07-04,,52,2019-07-04 12:00:00,8.9,636155,8.7,9531,8,3,0,0,0,0,0
52,7,tt4574334,Stranger Things,2016,,51,"Drama,Fantasy,Horror",3,6,Chapter Six: E Pluribus Unum,2019-07-04,,60,2019-07-04 12:00:00,8.9,636155,8.8,9486,8,3,0,0,0,0,0
53,7,tt4574334,Stranger Things,2016,,51,"Drama,Fantasy,Horror",3,7,Chapter Seven: The Bite,2019-07-04,,55,2019-07-04 12:00:00,8.9,636155,9.0,9760,8,3,0,0,0,0,0
54,7,tt4574334,Stranger Things,2016,,51,"Drama,Fantasy,Horror",3,8,Chapter Eight: The Battle of Starcourt,2019-07-04,,78,2019-07-04 12:00:00,8.9,636155,9.4,15699,8,3,0,1,0,0,0
55,11,tt2356777,True Detective,2014,,55,"Crime,Drama,Mystery",3,1,The Great War and Modern Memory,2019-01-13,21:00:00,60,2019-01-14 02:00:00,9.0,449084,8.8,6281,8,3,0,0,0,1,0
56,11,tt2356777,True Detective,2014,,55,"Crime,Drama,Mystery",3,2,Kiss Tomorrow Goodbye,2019-01-13,22:00:00,60,2019-01-14 03:00:00,9.0,449084,8.4,4857,8,3,0,0,0,0,0
57,11,tt2356777,True Detective,2014,,55,"Crime,Drama,Mystery",3,3,The Big Never,2019-01-20,21:00:00,60,2019-01-21 02:00:00,9.0,449084,8.1,4055,8,3,0,0,0,0,0
58,11,tt2356777,True Detective,2014,,55,"Crime,Drama,Mystery",3,4,The Hour and the Day,2019-01-27,21:00:00,67,2019-01-28 02:00:00,9.0,449084,8.3,3829,8,3,0,0,0,0,0
59,11,tt2356777,True Detective,2014,,55,"Crime,Drama,Mystery",3,5,If You Have Ghosts,2019-02-03,21:00:00,60,2019-02-04 02:00:00,9.0,449084,8.6,3913,8,3,0,0,0,0,0
60,11,tt2356777,True Detective,2014,,55,"Crime,Drama,Mystery",3,6,Hunters in the Dark,2019-02-10,21:00:00,60,2019-02-11 02:00:00,9.0,449084,8.7,3726,8,3,0,0,0,0,0
61,11,tt2356777,True Detective,2014,,55,"Crime,Drama,Mystery",3,7,The Final Country,2019-02-17,21:00:00,60,2019-02-18 02:00:00,9.0,449084,8.8,3807,8,3,0,0,0,0,0
62,11,tt2356777,True Detective,2014,,55,"Crime,Drama,Mystery",3,8,Now Am Found,2019-02-24,21:00:00,76,2019-02-25 02:00:00,9.0,449084,8.0,4972,8,3,0,1,0,0,0
63,12,tt1856010,House of Cards,2013,2018.0,51,Drama,6,1,Chapter 66,2018-11-02,,53,2018-11-02 12:00:00,8.8,434369,4.4,4813,8,6,1,0,0,1,0
64,12,tt1856010,House of Cards,2013,2018.0,51,Drama,6,2,Chapter 67,2018-11-02,,53,2018-11-02 12:00:00,8.8,434369,4.3,3888,8,6,1,0,0,0,0
65,12,tt1856010,House of Cards,2013,2018.0,51,Drama,6,3,Chapter 68,2018-11-02,,53,2018-11-02 12:00:00,8.8,434369,4.3,3612,8,6,1,0,0,0,0
66,12,tt1856010,House of Cards,2013,2018.0,51,Drama,6,4,Chapter 69,2018-11-02,,53,2018-11-02 12:00:00,8.8,434369,4.4,3465,8,6,1,0,0,0,0
67,12,tt1856010,House of Cards,2013,2018.0,51,Drama,6,5,Chapter 70,2018-11-02,,59,2018-11-02 12:00:00,8.8,434369,4.6,3527,8,6,1,0,0,0,0
68,12,tt1856010,House of Cards,2013,2018.0,51,Drama,6,6,Chapter 71,2018-11-02,,57,2018-11-02 12:00:00,8.8,434369,4.3,3402,8,6,1,0,0,0,0
69,12,tt1856010,House of Cards,2013,2018.0,51,Drama,6,7,Chapter 72,2018-11-02,,57,2018-11-02 12:00:00,8.8,434369,4.0,3405,8,6,1,0,0,0,0
70,12,tt1856010,House of Cards,2013,2018.0,51,Drama,6,8,Chapter 73,2018-11-02,,55,2018-11-02 12:00:00,8.8,434369,2.6,5575,8,6,1,1,1,0,0
71,14,tt2193021,Arrow,2012,,42,"Action,Adventure,Crime",7,1,Inmate 4587,2018-10-15,20:00:00,60,2018-10-16 00:00:00,7.6,382520,9.2,2548,22,8,0,0,0,1,0
72,14,tt2193021,Arrow,2012,,42,"Action,Adventure,Crime",7,2,The Longbow Hunters,2018-10-22,20:00:00,60,2018-10-23 00:00:00,7.6,382520,8.3,1643,22,8,0,0,0,0,0
73,14,tt2193021,Arrow,2012,,42,"Action,Adventure,Crime",7,3,Crossing Lines,2018-10-29,20:00:00,60,2018-10-30 00:00:00,7.6,382520,8.6,1559,22,8,0,0,0,0,0
74,14,tt2193021,Arrow,2012,,42,"Action,Adventure,Crime",7,4,Level Two,2018-11-05,20:00:00,60,2018-11-06 01:00:00,7.6,382520,8.5,1469,22,8,0,0,0,0,0
75,14,tt2193021,Arrow,2012,,42,"Action,Adventure,Crime",7,5,The Demon,2018-11-12,20:00:00,60,2018-11-13 01:00:00,7.6,382520,8.8,1540,22,8,0,0,0,0,0
76,14,tt2193021,Arrow,2012,,42,"Action,Adventure,Crime",7,6,Due Process,2018-11-19,20:00:00,60,2018-11-20 01:00:00,7.6,382520,8.6,1412,22,8,0,0,0,0,0
77,14,tt2193021,Arrow,2012,,42,"Action,Adventure,Crime",7,7,The Slabside Redemption,2018-11-26,20:00:00,60,2018-11-27 01:00:00,7.6,382520,9.5,2449,22,8,0,0,0,0,0
78,14,tt2193021,Arrow,2012,,42,"Action,Adventure,Crime",7,8,Unmasked,2018-12-03,20:00:00,60,2018-12-04 01:00:00,7.6,382520,8.7,1419,22,8,0,0,0,0,0
79,14,tt2193021,Arrow,2012,,42,"Action,Adventure,Crime",7,9,"Elseworlds, Part 2",2018-12-10,20:00:00,60,2018-12-11 01:00:00,7.6,382520,9.2,2034,22,8,0,0,0,0,0
80,14,tt2193021,Arrow,2012,,42,"Action,Adventure,Crime",7,10,My Name is Emiko Queen,2019-01-21,20:00:00,60,2019-01-22 01:00:00,7.6,382520,7.8,1186,22,8,0,0,0,0,0
81,14,tt2193021,Arrow,2012,,42,"Action,Adventure,Crime",7,11,Past Sins,2019-01-28,20:00:00,60,2019-01-29 01:00:00,7.6,382520,8.2,1076,22,8,0,0,0,0,0
82,14,tt2193021,Arrow,2012,,42,"Action,Adventure,Crime",7,12,Emerald Archer,2019-02-04,20:00:00,60,2019-02-05 01:00:00,7.6,382520,8.9,1402,22,8,0,0,0,0,0
83,14,tt2193021,Arrow,2012,,42,"Action,Adventure,Crime",7,13,Star City Slayer,2019-02-11,20:00:00,60,2019-02-12 01:00:00,7.6,382520,8.5,1108,22,8,0,0,0,0,0
84,14,tt2193021,Arrow,2012,,42,"Action,Adventure,Crime",7,14,Brothers & Sisters,2019-03-04,20:00:00,60,2019-03-05 01:00:00,7.6,382520,8.3,985,22,8,0,0,0,0,0
85,14,tt2193021,Arrow,2012,,42,"Action,Adventure,Crime",7,15,Training Day,2019-03-11,20:00:00,60,2019-03-12 00:00:00,7.6,382520,8.0,920,22,8,0,0,0,0,0
86,14,tt2193021,Arrow,2012,,42,"Action,Adventure,Crime",7,16,Star City 2040,2019-03-18,20:00:00,60,2019-03-19 00:00:00,7.6,382520,8.1,1062,22,8,0,0,0,0,0
87,14,tt2193021,Arrow,2012,,42,"Action,Adventure,Crime",7,17,Inheritance,2019-03-25,20:00:00,60,2019-03-26 00:00:00,7.6,382520,8.5,934,22,8,0,0,0,0,0
88,14,tt2193021,Arrow,2012,,42,"Action,Adventure,Crime",7,18,Lost Canary,2019-04-15,21:00:00,60,2019-04-16 01:00:00,7.6,382520,7.8,1011,22,8,0,0,0,0,0
89,14,tt2193021,Arrow,2012,,42,"Action,Adventure,Crime",7,19,Spartan,2019-04-22,21:00:00,60,2019-04-23 01:00:00,7.6,382520,8.1,829,22,8,0,0,0,0,0
90,14,tt2193021,Arrow,2012,,42,"Action,Adventure,Crime",7,20,Confessions,2019-04-29,21:00:00,60,2019-04-30 01:00:00,7.6,382520,8.8,987,22,8,0,0,0,0,0
91,14,tt2193021,Arrow,2012,,42,"Action,Adventure,Crime",7,21,Living Proof,2019-05-06,21:00:00,60,2019-05-07 01:00:00,7.6,382520,8.5,870,22,8,0,0,0,0,0
92,14,tt2193021,Arrow,2012,,42,"Action,Adventure,Crime",7,22,You Have Saved This City,2019-05-13,21:00:00,60,2019-05-14 01:00:00,7.6,382520,9.0,1398,22,8,0,1,0,0,0
93,17,tt0460681,Supernatural,2005,,44,"Drama,Fantasy,Horror",14,1,Stranger in a Strange Land,2018-10-11,20:00:00,60,2018-10-12 00:00:00,8.5,355184,8.3,1501,20,15,0,0,0,1,0
94,17,tt0460681,Supernatural,2005,,44,"Drama,Fantasy,Horror",14,2,Gods and Monsters,2018-10-18,20:00:00,60,2018-10-19 00:00:00,8.5,355184,8.2,1212,20,15,0,0,0,0,0
95,17,tt0460681,Supernatural,2005,,44,"Drama,Fantasy,Horror",14,3,The Scar,2018-10-25,20:00:00,60,2018-10-26 00:00:00,8.5,355184,8.1,1160,20,15,0,0,0,0,0
96,17,tt0460681,Supernatural,2005,,44,"Drama,Fantasy,Horror",14,4,Mint Condition,2018-11-01,20:00:00,60,2018-11-02 00:00:00,8.5,355184,9.0,1344,20,15,0,0,0,0,0
97,17,tt0460681,Supernatural,2005,,44,"Drama,Fantasy,Horror",14,5,Nightmare Logic,2018-11-08,20:00:00,60,2018-11-09 01:00:00,8.5,355184,8.3,1073,20,15,0,0,0,0,0
98,17,tt0460681,Supernatural,2005,,44,"Drama,Fantasy,Horror",14,6,Optimism,2018-11-15,20:00:00,60,2018-11-16 01:00:00,8.5,355184,8.3,1122,20,15,0,0,0,0,0
99,17,tt0460681,Supernatural,2005,,44,"Drama,Fantasy,Horror",14,7,Unhuman Nature,2018-11-29,20:00:00,60,2018-11-30 01:00:00,8.5,355184,8.4,1074,20,15,0,0,0,0,0
100,17,tt0460681,Supernatural,2005,,44,"Drama,Fantasy,Horror",14,8,Byzantium,2018-12-06,20:00:00,60,2018-12-07 01:00:00,8.5,355184,8.7,1160,20,15,0,0,0,0,0
101,17,tt0460681,Supernatural,2005,,44,"Drama,Fantasy,Horror",14,9,The Spear,2018-12-13,20:00:00,60,2018-12-14 01:00:00,8.5,355184,8.4,1091,20,15,0,0,0,0,0
102,17,tt0460681,Supernatural,2005,,44,"Drama,Fantasy,Horror",14,10,Nihilism,2019-01-17,20:00:00,60,2019-01-18 01:00:00,8.5,355184,8.8,1196,20,15,0,0,0,0,0
103,17,tt0460681,Supernatural,2005,,44,"Drama,Fantasy,Horror",14,11,Damaged Goods,2019-01-24,20:00:00,60,2019-01-25 01:00:00,8.5,355184,8.5,1019,20,15,0,0,0,0,0
104,17,tt0460681,Supernatural,2005,,44,"Drama,Fantasy,Horror",14,12,Prophet and Loss,2019-01-31,20:00:00,60,2019-02-01 01:00:00,8.5,355184,8.4,1089,20,15,0,0,0,0,0
105,17,tt0460681,Supernatural,2005,,44,"Drama,Fantasy,Horror",14,13,Lebanon,2019-02-07,20:00:00,60,2019-02-08 01:00:00,8.5,355184,9.4,2258,20,15,0,0,0,0,0
106,17,tt0460681,Supernatural,2005,,44,"Drama,Fantasy,Horror",14,14,Ouroboros,2019-03-07,20:00:00,60,2019-03-08 01:00:00,8.5,355184,8.8,1105,20,15,0,0,0,0,0
107,17,tt0460681,Supernatural,2005,,44,"Drama,Fantasy,Horror",14,15,Peace of Mind,2019-03-14,20:00:00,60,2019-03-15 00:00:00,8.5,355184,8.8,974,20,15,0,0,0,0,0
108,17,tt0460681,Supernatural,2005,,44,"Drama,Fantasy,Horror",14,16,Don't Go in the Woods,2019-03-21,20:00:00,60,2019-03-22 00:00:00,8.5,355184,8.4,901,20,15,0,0,0,0,0
109,17,tt0460681,Supernatural,2005,,44,"Drama,Fantasy,Horror",14,17,Game Night,2019-04-04,20:00:00,60,2019-04-05 00:00:00,8.5,355184,8.1,890,20,15,0,0,0,0,0
110,17,tt0460681,Supernatural,2005,,44,"Drama,Fantasy,Horror",14,18,Absence,2019-04-11,20:00:00,60,2019-04-12 00:00:00,8.5,355184,8.0,877,20,15,0,0,0,0,0
111,17,tt0460681,Supernatural,2005,,44,"Drama,Fantasy,Horror",14,19,Jack in the Box,2019-04-18,20:00:00,60,2019-04-19 00:00:00,8.5,355184,8.2,850,20,15,0,0,0,0,0
112,17,tt0460681,Supernatural,2005,,44,"Drama,Fantasy,Horror",14,20,Moriah,2019-04-25,20:00:00,60,2019-04-26 00:00:00,8.5,355184,9.4,1934,20,15,0,1,0,0,0
113,18,tt2306299,Vikings,2013,,44,"Action,Adventure,Drama",5,11,The Revelation,2018-11-28,21:00:00,60,2018-11-29 01:00:00,8.6,348206,7.9,1948,20,5,0,0,0,0,0
114,18,tt2306299,Vikings,2013,,44,"Action,Adventure,Drama",5,12,Murder Most Foul,2018-12-05,21:00:00,60,2018-12-06 01:00:00,8.6,348206,7.9,1757,20,5,0,0,0,0,0
115,18,tt2306299,Vikings,2013,,44,"Action,Adventure,Drama",5,13,A New God,2018-12-12,21:00:00,60,2018-12-13 01:00:00,8.6,348206,7.3,1649,20,5,0,0,0,0,0
116,18,tt2306299,Vikings,2013,,44,"Action,Adventure,Drama",5,14,The Lost Moment,2018-12-19,21:00:00,60,2018-12-20 01:00:00,8.6,348206,7.3,1581,20,5,0,0,0,0,0
117,18,tt2306299,Vikings,2013,,44,"Action,Adventure,Drama",5,15,Hell,2018-12-26,21:00:00,60,2018-12-27 01:00:00,8.6,348206,8.7,2254,20,5,0,0,0,0,0
118,18,tt2306299,Vikings,2013,,44,"Action,Adventure,Drama",5,16,The Buddha,2019-01-02,21:00:00,60,2019-01-03 01:00:00,8.6,348206,7.9,1516,20,5,0,0,0,0,0
119,18,tt2306299,Vikings,2013,,44,"Action,Adventure,Drama",5,17,The Most Terrible Thing,2019-01-09,21:00:00,60,2019-01-10 01:00:00,8.6,348206,7.0,1596,20,5,0,0,0,0,0
120,18,tt2306299,Vikings,2013,,44,"Action,Adventure,Drama",5,18,Baldur,2019-01-16,21:00:00,60,2019-01-17 01:00:00,8.6,348206,7.8,1534,20,5,0,0,0,0,0
121,18,tt2306299,Vikings,2013,,44,"Action,Adventure,Drama",5,19,What Happens in the Cave,2019-01-23,21:00:00,60,2019-01-24 01:00:00,8.6,348206,8.2,1417,20,5,0,0,0,0,0
122,18,tt2306299,Vikings,2013,,44,"Action,Adventure,Drama",5,20,Ragnarok,2019-01-30,21:00:00,60,2019-01-31 01:00:00,8.6,348206,8.9,2319,20,5,0,1,0,0,0
123,19,tt2085059,Black Mirror,2011,,60,"Drama,Sci-Fi,Thriller",5,1,Striking Vipers,2019-06-05,,62,2019-06-05 12:00:00,8.9,339407,6.9,25622,3,5,0,0,0,1,0
124,19,tt2085059,Black Mirror,2011,,60,"Drama,Sci-Fi,Thriller",5,2,Smithereens,2019-06-05,,70,2019-06-05 12:00:00,8.9,339407,7.6,23002,3,5,0,0,0,0,0
125,19,tt2085059,Black Mirror,2011,,60,"Drama,Sci-Fi,Thriller",5,3,"Rachel, Jack and Ashley, Too",2019-06-05,,67,2019-06-05 12:00:00,8.9,339407,6.0,22795,3,5,0,1,0,0,0
126,20,tt0096697,The Simpsons,1989,,22,"Animation,Comedy",30,1,Bart's Not Dead,2018-09-30,20:00:00,30,2018-10-01 00:00:00,8.7,336290,6.3,533,23,31,0,0,0,1,0
127,20,tt0096697,The Simpsons,1989,,22,"Animation,Comedy",30,2,Heartbreak Hotel,2018-10-07,20:00:00,30,2018-10-08 00:00:00,8.7,336290,6.1,456,23,31,0,0,0,0,0
128,20,tt0096697,The Simpsons,1989,,22,"Animation,Comedy",30,3,My Way or the Highway to Heaven,2018-10-14,20:00:00,30,2018-10-15 00:00:00,8.7,336290,6.1,437,23,31,0,0,0,0,0
129,20,tt0096697,The Simpsons,1989,,22,"Animation,Comedy",30,4,Treehouse of Horror XXIX,2018-10-21,20:00:00,30,2018-10-22 00:00:00,8.7,336290,6.1,451,23,31,0,0,0,0,0
130,20,tt0096697,The Simpsons,1989,,22,"Animation,Comedy",30,5,Baby You Can't Drive My Car,2018-11-04,20:00:00,30,2018-11-05 01:00:00,8.7,336290,7.1,378,23,31,0,0,0,0,0
131,20,tt0096697,The Simpsons,1989,,22,"Animation,Comedy",30,6,From Russia Without Love,2018-11-11,20:00:00,30,2018-11-12 01:00:00,8.7,336290,6.7,357,23,31,0,0,0,0,0
132,20,tt0096697,The Simpsons,1989,,22,"Animation,Comedy",30,7,Werking Mom,2018-11-18,20:00:00,30,2018-11-19 01:00:00,8.7,336290,6.1,414,23,31,0,0,0,0,0
133,20,tt0096697,The Simpsons,1989,,22,"Animation,Comedy",30,8,Krusty the Clown,2018-11-25,20:00:00,30,2018-11-26 01:00:00,8.7,336290,6.7,341,23,31,0,0,0,0,0
134,20,tt0096697,The Simpsons,1989,,22,"Animation,Comedy",30,9,Daddicus Finch,2018-12-02,20:00:00,30,2018-12-03 01:00:00,8.7,336290,6.9,354,23,31,0,0,0,0,0
135,20,tt0096697,The Simpsons,1989,,22,"Animation,Comedy",30,10,'Tis the 30th Season,2018-12-09,20:00:00,30,2018-12-10 01:00:00,8.7,336290,6.8,340,23,31,0,0,0,0,0
136,20,tt0096697,The Simpsons,1989,,22,"Animation,Comedy",30,11,Mad About the Toy,2019-01-06,20:00:00,30,2019-01-07 01:00:00,8.7,336290,5.9,380,23,31,0,0,0,0,0
137,20,tt0096697,The Simpsons,1989,,22,"Animation,Comedy",30,12,The Girl on the Bus,2019-01-13,20:00:00,30,2019-01-14 01:00:00,8.7,336290,6.6,348,23,31,0,0,0,0,0
138,20,tt0096697,The Simpsons,1989,,22,"Animation,Comedy",30,13,I'm Dancing as Fat as I Can,2019-02-10,20:00:00,30,2019-02-11 01:00:00,8.7,336290,7.0,325,23,31,0,0,0,0,0
139,20,tt0096697,The Simpsons,1989,,22,"Animation,Comedy",30,14,The Clown Stays in the Picture,2019-02-17,20:00:00,30,2019-02-18 01:00:00,8.7,336290,6.3,298,23,31,0,0,0,0,0
140,20,tt0096697,The Simpsons,1989,,22,"Animation,Comedy",30,15,101 Mitigations,2019-03-03,20:00:00,30,2019-03-04 01:00:00,8.7,336290,6.5,276,23,31,0,0,0,0,0
141,20,tt0096697,The Simpsons,1989,,22,"Animation,Comedy",30,16,I Want You (She's So Heavy),2019-03-10,20:00:00,30,2019-03-11 00:00:00,8.7,336290,5.9,291,23,31,0,0,0,0,0
142,20,tt0096697,The Simpsons,1989,,22,"Animation,Comedy",30,17,E My Sports,2019-03-17,20:00:00,30,2019-03-18 00:00:00,8.7,336290,6.3,314,23,31,0,0,0,0,0
143,20,tt0096697,The Simpsons,1989,,22,"Animation,Comedy",30,18,Bart vs. Itchy & Scratchy,2019-03-24,20:00:00,30,2019-03-25 00:00:00,8.7,336290,5.1,540,23,31,0,0,0,0,0
144,20,tt0096697,The Simpsons,1989,,22,"Animation,Comedy",30,19,Girl's in the Band,2019-03-31,20:00:00,30,2019-04-01 00:00:00,8.7,336290,6.3,293,23,31,0,0,0,0,0
145,20,tt0096697,The Simpsons,1989,,22,"Animation,Comedy",30,20,I'm Just a Girl Who Can't Say D'oh,2019-04-07,20:00:00,30,2019-04-08 00:00:00,8.7,336290,5.4,282,23,31,0,0,0,0,0
146,20,tt0096697,The Simpsons,1989,,22,"Animation,Comedy",30,21,D'oh Canada,2019-04-28,20:00:00,30,2019-04-29 00:00:00,8.7,336290,5.8,317,23,31,0,0,0,0,0
147,20,tt0096697,The Simpsons,1989,,22,"Animation,Comedy",30,22,Woo-Hoo Dunnit,2019-05-05,20:00:00,30,2019-05-06 00:00:00,8.7,336290,6.2,260,23,31,0,0,0,0,0
148,20,tt0096697,The Simpsons,1989,,22,"Animation,Comedy",30,23,Crystal Blue-Haired Persuasion,2019-05-12,20:00:00,30,2019-05-13 00:00:00,8.7,336290,6.0,221,23,31,0,1,0,0,0
149,21,tt3322312,Daredevil,2015,2018.0,54,"Action,Crime,Drama",3,1,Resurrection,2018-10-19,,53,2018-10-19 12:00:00,8.7,332609,8.5,4599,13,3,1,0,0,1,0
150,21,tt3322312,Daredevil,2015,2018.0,54,"Action,Crime,Drama",3,2,Please,2018-10-19,,50,2018-10-19 12:00:00,8.7,332609,8.8,4170,13,3,1,0,0,0,0
151,21,tt3322312,Daredevil,2015,2018.0,54,"Action,Crime,Drama",3,3,No Good Deed,2018-10-19,,50,2018-10-19 12:00:00,8.7,332609,8.7,4022,13,3,1,0,0,0,0
152,21,tt3322312,Daredevil,2015,2018.0,54,"Action,Crime,Drama",3,4,Blindsided,2018-10-19,,54,2018-10-19 12:00:00,8.7,332609,9.6,5914,13,3,1,0,0,0,0
153,21,tt3322312,Daredevil,2015,2018.0,54,"Action,Crime,Drama",3,5,The Perfect Game,2018-10-19,,49,2018-10-19 12:00:00,8.7,332609,9.0,4035,13,3,1,0,0,0,0
154,21,tt3322312,Daredevil,2015,2018.0,54,"Action,Crime,Drama",3,6,The Devil You Know,2018-10-19,,54,2018-10-19 12:00:00,8.7,332609,9.6,5113,13,3,1,0,0,0,0
155,21,tt3322312,Daredevil,2015,2018.0,54,"Action,Crime,Drama",3,7,Aftermath,2018-10-19,,50,2018-10-19 12:00:00,8.7,332609,9.0,3768,13,3,1,0,0,0,0
156,21,tt3322312,Daredevil,2015,2018.0,54,"Action,Crime,Drama",3,8,Upstairs/Downstairs,2018-10-19,,50,2018-10-19 12:00:00,8.7,332609,9.2,3905,13,3,1,0,0,0,0
157,21,tt3322312,Daredevil,2015,2018.0,54,"Action,Crime,Drama",3,9,Revelations,2018-10-19,,54,2018-10-19 12:00:00,8.7,332609,9.3,3923,13,3,1,0,0,0,0
158,21,tt3322312,Daredevil,2015,2018.0,54,"Action,Crime,Drama",3,10,Karen,2018-10-19,,46,2018-10-19 12:00:00,8.7,332609,8.8,4271,13,3,1,0,0,0,0
159,21,tt3322312,Daredevil,2015,2018.0,54,"Action,Crime,Drama",3,11,Reunion,2018-10-19,,50,2018-10-19 12:00:00,8.7,332609,9.3,3789,13,3,1,0,0,0,0
160,21,tt3322312,Daredevil,2015,2018.0,54,"Action,Crime,Drama",3,12,One Last Shot,2018-10-19,,55,2018-10-19 12:00:00,8.7,332609,9.4,3925,13,3,1,0,0,0,0
161,21,tt3322312,Daredevil,2015,2018.0,54,"Action,Crime,Drama",3,13,A New Napkin,2018-10-19,,54,2018-10-19 12:00:00,8.7,332609,9.6,5315,13,3,1,1,1,0,0
162,22,tt1632701,Suits,2011,,44,"Comedy,Drama",8,3,"Promises, Promises",2018-08-01,21:00:00,60,2018-08-02 01:00:00,8.5,330361,7.9,589,16,9,0,0,0,0,0
163,22,tt1632701,Suits,2011,,44,"Comedy,Drama",8,4,Revenue Per Square Foot,2018-08-08,21:00:00,60,2018-08-09 01:00:00,8.5,330361,7.8,580,16,9,0,0,0,0,0
164,22,tt1632701,Suits,2011,,44,"Comedy,Drama",8,5,Good Mudding,2018-08-15,21:00:00,60,2018-08-16 01:00:00,8.5,330361,8.0,562,16,9,0,0,0,0,0
165,22,tt1632701,Suits,2011,,44,"Comedy,Drama",8,6,"Cats, Ballet, Harvey Specter",2018-08-22,21:00:00,60,2018-08-23 01:00:00,8.5,330361,8.3,571,16,9,0,0,0,0,0
166,22,tt1632701,Suits,2011,,44,"Comedy,Drama",8,7,Sour Grapes,2018-08-29,21:00:00,60,2018-08-30 01:00:00,8.5,330361,7.9,503,16,9,0,0,0,0,0
167,22,tt1632701,Suits,2011,,44,"Comedy,Drama",8,8,Coral Gables,2018-09-05,21:00:00,60,2018-09-06 01:00:00,8.5,330361,7.5,449,16,9,0,0,0,0,0
168,22,tt1632701,Suits,2011,,44,"Comedy,Drama",8,9,Motion to Delay,2018-09-12,21:00:00,60,2018-09-13 01:00:00,8.5,330361,7.7,442,16,9,0,0,0,0,0
169,22,tt1632701,Suits,2011,,44,"Comedy,Drama",8,10,Managing Partner,2018-09-19,21:00:00,60,2018-09-20 01:00:00,8.5,330361,9.0,792,16,9,0,0,0,0,0
170,22,tt1632701,Suits,2011,,44,"Comedy,Drama",8,11,Rocky 8,2019-01-23,22:00:00,60,2019-01-24 03:00:00,8.5,330361,7.9,397,16,9,0,0,0,0,0
171,22,tt1632701,Suits,2011,,44,"Comedy,Drama",8,12,Whale Hunt,2019-01-30,22:00:00,60,2019-01-31 03:00:00,8.5,330361,7.9,350,16,9,0,0,0,0,0
172,22,tt1632701,Suits,2011,,44,"Comedy,Drama",8,13,The Greater Good,2019-02-06,22:00:00,60,2019-02-07 03:00:00,8.5,330361,8.1,342,16,9,0,0,0,0,0
173,22,tt1632701,Suits,2011,,44,"Comedy,Drama",8,14,Peas in a Pod,2019-02-13,22:00:00,60,2019-02-14 03:00:00,8.5,330361,8.5,361,16,9,0,0,0,0,0
174,22,tt1632701,Suits,2011,,44,"Comedy,Drama",8,15,Stalking Horse,2019-02-20,22:00:00,60,2019-02-21 03:00:00,8.5,330361,8.3,341,16,9,0,0,0,0,0
175,22,tt1632701,Suits,2011,,44,"Comedy,Drama",8,16,Harvey,2019-02-27,22:00:00,60,2019-02-28 03:00:00,8.5,330361,9.1,654,16,9,0,1,0,0,0
176,22,tt1632701,Suits,2011,,44,"Comedy,Drama",9,1,Everything's Changed,2019-07-17,21:00:00,60,2019-07-18 01:00:00,8.5,330361,8.7,299,4,9,0,0,0,1,0
177,22,tt1632701,Suits,2011,,44,"Comedy,Drama",9,2,Special Master,2019-07-24,21:00:00,60,2019-07-25 01:00:00,8.5,330361,8.3,113,4,9,0,0,0,0,0
178,23,tt1442437,Modern Family,2009,,22,"Comedy,Romance",10,1,I Love a Parade,2018-09-26,21:00:00,30,2018-09-27 01:00:00,8.4,315374,6.7,628,22,11,0,0,0,1,0
179,23,tt1442437,Modern Family,2009,,22,"Comedy,Romance",10,2,Kiss and Tell,2018-10-03,21:00:00,30,2018-10-04 01:00:00,8.4,315374,8.1,598,22,11,0,0,0,0,0
180,23,tt1442437,Modern Family,2009,,22,"Comedy,Romance",10,3,A Sketchy Area,2018-10-10,21:00:00,30,2018-10-11 01:00:00,8.4,315374,7.3,541,22,11,0,0,0,0,0
181,23,tt1442437,Modern Family,2009,,22,"Comedy,Romance",10,4,Torn Between Two Lovers,2018-10-17,21:00:00,30,2018-10-18 01:00:00,8.4,315374,7.4,531,22,11,0,0,0,0,0
182,23,tt1442437,Modern Family,2009,,22,"Comedy,Romance",10,5,Good Grief,2018-10-24,21:00:00,30,2018-10-25 01:00:00,8.4,315374,7.4,548,22,11,0,0,0,0,0
183,23,tt1442437,Modern Family,2009,,22,"Comedy,Romance",10,6,On the Same Paige,2018-10-31,21:00:00,30,2018-11-01 01:00:00,8.4,315374,7.6,490,22,11,0,0,0,0,0
184,23,tt1442437,Modern Family,2009,,22,"Comedy,Romance",10,7,Did the Chicken Cross the Road?,2018-11-07,21:00:00,30,2018-11-08 02:00:00,8.4,315374,7.5,423,22,11,0,0,0,0,0
185,23,tt1442437,Modern Family,2009,,22,"Comedy,Romance",10,8,Kids These Days,2018-11-28,21:00:00,30,2018-11-29 02:00:00,8.4,315374,7.4,404,22,11,0,0,0,0,0
186,23,tt1442437,Modern Family,2009,,22,"Comedy,Romance",10,9,Putting Down Roots,2018-12-05,21:00:00,30,2018-12-06 02:00:00,8.4,315374,7.6,410,22,11,0,0,0,0,0
187,23,tt1442437,Modern Family,2009,,22,"Comedy,Romance",10,10,Stuck in a Moment,2018-12-12,21:00:00,30,2018-12-13 02:00:00,8.4,315374,7.5,405,22,11,0,0,0,0,0
188,23,tt1442437,Modern Family,2009,,22,"Comedy,Romance",10,11,A Moving Day,2019-01-09,21:00:00,30,2019-01-10 02:00:00,8.4,315374,7.1,388,22,11,0,0,0,0,0
189,23,tt1442437,Modern Family,2009,,22,"Comedy,Romance",10,12,Blasts from the Past,2019-01-16,21:00:00,30,2019-01-17 02:00:00,8.4,315374,6.7,391,22,11,0,0,0,0,0
190,23,tt1442437,Modern Family,2009,,22,"Comedy,Romance",10,13,Whanex?,2019-01-23,21:00:00,30,2019-01-24 02:00:00,8.4,315374,6.8,372,22,11,0,0,0,0,0
191,23,tt1442437,Modern Family,2009,,22,"Comedy,Romance",10,14,We Need to Talk About Lily,2019-01-30,21:00:00,30,2019-01-31 02:00:00,8.4,315374,7.4,380,22,11,0,0,0,0,0
192,23,tt1442437,Modern Family,2009,,22,"Comedy,Romance",10,15,Supershowerbabybowl,2019-02-20,21:00:00,30,2019-02-21 02:00:00,8.4,315374,7.2,355,22,11,0,0,0,0,0
193,23,tt1442437,Modern Family,2009,,22,"Comedy,Romance",10,16,Red Alert,2019-02-27,21:00:00,30,2019-02-28 02:00:00,8.4,315374,6.9,366,22,11,0,0,0,0,0
194,23,tt1442437,Modern Family,2009,,22,"Comedy,Romance",10,17,The Wild,2019-03-13,21:00:00,30,2019-03-14 01:00:00,8.4,315374,7.2,379,22,11,0,0,0,0,0
195,23,tt1442437,Modern Family,2009,,22,"Comedy,Romance",10,18,Stand By Your Man,2019-03-20,21:00:00,30,2019-03-21 01:00:00,8.4,315374,7.3,345,22,11,0,0,0,0,0
196,23,tt1442437,Modern Family,2009,,22,"Comedy,Romance",10,19,Yes-Woman,2019-04-03,21:00:00,30,2019-04-04 01:00:00,8.4,315374,7.5,345,22,11,0,0,0,0,0
197,23,tt1442437,Modern Family,2009,,22,"Comedy,Romance",10,20,Can't Elope,2019-04-10,21:00:00,30,2019-04-11 01:00:00,8.4,315374,8.0,369,22,11,0,0,0,0,0
198,23,tt1442437,Modern Family,2009,,22,"Comedy,Romance",10,21,Commencement,2019-05-01,21:00:00,30,2019-05-02 01:00:00,8.4,315374,7.0,343,22,11,0,0,0,0,0
199,23,tt1442437,Modern Family,2009,,22,"Comedy,Romance",10,22,A Year of Birthdays,2019-05-08,21:00:00,30,2019-05-09 01:00:00,8.4,315374,8.7,514,22,11,0,1,0,0,0
200,25,tt0121955,South Park,1997,,22,"Animation,Comedy",22,1,Dead Kids,2018-09-26,22:00:00,30,2018-09-27 02:00:00,8.7,303173,8.1,1760,10,23,0,0,0,1,0
201,25,tt0121955,South Park,1997,,22,"Animation,Comedy",22,2,A Boy and a Priest,2018-10-03,22:00:00,30,2018-10-04 02:00:00,8.7,303173,7.7,1347,10,23,0,0,0,0,0
202,25,tt0121955,South Park,1997,,22,"Animation,Comedy",22,3,The Problem with a Poo,2018-10-10,22:00:00,30,2018-10-11 02:00:00,8.7,303173,6.6,1240,10,23,0,0,0,0,0
203,25,tt0121955,South Park,1997,,22,"Animation,Comedy",22,4,Tegridy Farms,2018-10-17,22:00:00,30,2018-10-18 02:00:00,8.7,303173,8.0,1246,10,23,0,0,0,0,0
204,25,tt0121955,South Park,1997,,22,"Animation,Comedy",22,5,The Scoots,2018-10-31,22:00:00,30,2018-11-01 02:00:00,8.7,303173,8.1,1137,10,23,0,0,0,0,0
205,25,tt0121955,South Park,1997,,22,"Animation,Comedy",22,6,Time to Get Cereal,2018-11-07,22:00:00,30,2018-11-08 03:00:00,8.7,303173,7.6,1139,10,23,0,0,0,0,0
206,25,tt0121955,South Park,1997,,22,"Animation,Comedy",22,7,Nobody Got Cereal?,2018-11-14,22:00:00,30,2018-11-15 03:00:00,8.7,303173,7.7,1009,10,23,0,0,0,0,0
207,25,tt0121955,South Park,1997,,22,"Animation,Comedy",22,8,Buddha Box,2018-11-28,22:00:00,30,2018-11-29 03:00:00,8.7,303173,7.4,920,10,23,0,0,0,0,0
208,25,tt0121955,South Park,1997,,22,"Animation,Comedy",22,9,Unfulfilled,2018-12-05,22:00:00,30,2018-12-06 03:00:00,8.7,303173,7.7,818,10,23,0,0,0,0,0
209,25,tt0121955,South Park,1997,,22,"Animation,Comedy",22,10,Bike Parade,2018-12-12,22:00:00,30,2018-12-13 03:00:00,8.7,303173,7.8,744,10,23,0,1,0,0,0
210,27,tt0182576,Family Guy,1999,,22,"Animation,Comedy",17,1,Married... With Cancer,2018-09-30,21:00:00,30,2018-10-01 01:00:00,8.2,285281,6.5,629,20,18,0,0,0,1,0
211,27,tt0182576,Family Guy,1999,,22,"Animation,Comedy",17,2,Dead Dog Walking,2018-10-07,21:00:00,30,2018-10-08 01:00:00,8.2,285281,7.1,549,20,18,0,0,0,0,0
212,27,tt0182576,Family Guy,1999,,22,"Animation,Comedy",17,3,Pal Stewie,2018-10-14,21:00:00,30,2018-10-15 01:00:00,8.2,285281,7.1,506,20,18,0,0,0,0,0
213,27,tt0182576,Family Guy,1999,,22,"Animation,Comedy",17,4,Big Trouble in Little Quahog,2018-10-21,21:00:00,30,2018-10-22 01:00:00,8.2,285281,7.8,578,20,18,0,0,0,0,0
214,27,tt0182576,Family Guy,1999,,22,"Animation,Comedy",17,5,Regarding Carter,2018-11-04,21:00:00,30,2018-11-05 02:00:00,8.2,285281,6.7,444,20,18,0,0,0,0,0
215,27,tt0182576,Family Guy,1999,,22,"Animation,Comedy",17,6,Stand By Meg,2018-11-11,21:00:00,30,2018-11-12 02:00:00,8.2,285281,6.8,440,20,18,0,0,0,0,0
216,27,tt0182576,Family Guy,1999,,22,"Animation,Comedy",17,7,The Griffin Winter Games,2018-11-18,21:00:00,30,2018-11-19 02:00:00,8.2,285281,6.9,468,20,18,0,0,0,0,0
217,27,tt0182576,Family Guy,1999,,22,"Animation,Comedy",17,8,Con Heiress,2018-12-02,21:00:00,30,2018-12-03 02:00:00,8.2,285281,5.6,540,20,18,0,0,0,0,0
218,27,tt0182576,Family Guy,1999,,22,"Animation,Comedy",17,9,Pawtucket Pete,2018-12-09,21:00:00,30,2018-12-10 02:00:00,8.2,285281,6.8,416,20,18,0,0,0,0,0
219,27,tt0182576,Family Guy,1999,,22,"Animation,Comedy",17,10,Hefty Shades of Gray,2019-01-06,21:00:00,30,2019-01-07 02:00:00,8.2,285281,6.5,443,20,18,0,0,0,0,0
220,27,tt0182576,Family Guy,1999,,22,"Animation,Comedy",17,11,Trump Guy,2019-01-13,21:00:00,30,2019-01-14 02:00:00,8.2,285281,5.3,1400,20,18,0,0,0,0,0
221,27,tt0182576,Family Guy,1999,,22,"Animation,Comedy",17,12,"Bri, Robot",2019-02-10,21:00:00,30,2019-02-11 02:00:00,8.2,285281,6.7,377,20,18,0,0,0,0,0
222,27,tt0182576,Family Guy,1999,,22,"Animation,Comedy",17,13,Trans-Fat,2019-02-17,21:00:00,30,2019-02-18 02:00:00,8.2,285281,6.2,413,20,18,0,0,0,0,0
223,27,tt0182576,Family Guy,1999,,22,"Animation,Comedy",17,14,Family Guy Lite,2019-03-03,21:00:00,30,2019-03-04 02:00:00,8.2,285281,6.9,353,20,18,0,0,0,0,0
224,27,tt0182576,Family Guy,1999,,22,"Animation,Comedy",17,15,"No Giggity, No Doubt",2019-03-10,21:00:00,30,2019-03-11 01:00:00,8.2,285281,6.6,376,20,18,0,0,0,0,0
225,27,tt0182576,Family Guy,1999,,22,"Animation,Comedy",17,16,You Can't Handle the Booth,2019-03-24,21:00:00,30,2019-03-25 01:00:00,8.2,285281,3.8,1003,20,18,0,0,0,0,0
226,27,tt0182576,Family Guy,1999,,22,"Animation,Comedy",17,17,Island Adventure,2019-03-31,21:00:00,30,2019-04-01 01:00:00,8.2,285281,7.1,369,20,18,0,0,0,0,0
227,27,tt0182576,Family Guy,1999,,22,"Animation,Comedy",17,18,Throw It Away,2019-04-28,21:00:00,30,2019-04-29 01:00:00,8.2,285281,6.7,347,20,18,0,0,0,0,0
228,27,tt0182576,Family Guy,1999,,22,"Animation,Comedy",17,19,"Girl, Internetted",2019-05-05,21:00:00,30,2019-05-06 01:00:00,8.2,285281,7.1,339,20,18,0,0,0,0,0
229,27,tt0182576,Family Guy,1999,,22,"Animation,Comedy",17,20,Adam West High,2019-05-12,21:00:00,30,2019-05-13 01:00:00,8.2,285281,7.1,323,20,18,0,1,0,0,0
230,31,tt3107288,The Flash,2014,,43,"Action,Adventure,Drama",5,1,Nora,2018-10-09,20:00:00,60,2018-10-10 00:00:00,7.8,279570,8.4,2404,22,6,0,0,0,1,0
231,31,tt3107288,The Flash,2014,,43,"Action,Adventure,Drama",5,2,Blocked,2018-10-16,20:00:00,60,2018-10-17 00:00:00,7.8,279570,8.0,1812,22,6,0,0,0,0,0
232,31,tt3107288,The Flash,2014,,43,"Action,Adventure,Drama",5,3,The Death of Vibe,2018-10-23,20:00:00,60,2018-10-24 00:00:00,7.8,279570,8.4,1733,22,6,0,0,0,0,0
233,31,tt3107288,The Flash,2014,,43,"Action,Adventure,Drama",5,4,News Flash,2018-10-30,20:00:00,60,2018-10-31 00:00:00,7.8,279570,7.8,1640,22,6,0,0,0,0,0
234,31,tt3107288,The Flash,2014,,43,"Action,Adventure,Drama",5,5,All Doll'd Up,2018-11-13,20:00:00,60,2018-11-14 01:00:00,7.8,279570,7.9,1653,22,6,0,0,0,0,0
235,31,tt3107288,The Flash,2014,,43,"Action,Adventure,Drama",5,6,The Icicle Cometh,2018-11-20,20:00:00,60,2018-11-21 01:00:00,7.8,279570,8.1,1615,22,6,0,0,0,0,0
236,31,tt3107288,The Flash,2014,,43,"Action,Adventure,Drama",5,7,"O Come, All Ye Thankful",2018-11-27,20:00:00,60,2018-11-28 01:00:00,7.8,279570,8.0,1490,22,6,0,0,0,0,0
237,31,tt3107288,The Flash,2014,,43,"Action,Adventure,Drama",5,8,What's Past Is Prologue,2018-12-04,20:00:00,60,2018-12-05 01:00:00,7.8,279570,9.3,2356,22,6,0,0,0,0,0
238,31,tt3107288,The Flash,2014,,43,"Action,Adventure,Drama",5,9,"Elseworlds, Part 1",2018-12-09,20:00:00,60,2018-12-10 01:00:00,7.8,279570,9.3,2481,22,6,0,0,0,0,0
239,31,tt3107288,The Flash,2014,,43,"Action,Adventure,Drama",5,10,The Flash & The Furious,2019-01-15,20:00:00,60,2019-01-16 01:00:00,7.8,279570,7.6,1337,22,6,0,0,0,0,0
240,31,tt3107288,The Flash,2014,,43,"Action,Adventure,Drama",5,11,Seeing Red,2019-01-22,20:00:00,60,2019-01-23 01:00:00,7.8,279570,7.9,1278,22,6,0,0,0,0,0
241,31,tt3107288,The Flash,2014,,43,"Action,Adventure,Drama",5,12,Memorabilia,2019-01-29,20:00:00,60,2019-01-30 01:00:00,7.8,279570,8.2,1249,22,6,0,0,0,0,0
242,31,tt3107288,The Flash,2014,,43,"Action,Adventure,Drama",5,13,Goldfaced,2019-02-05,20:00:00,60,2019-02-06 01:00:00,7.8,279570,8.0,1199,22,6,0,0,0,0,0
243,31,tt3107288,The Flash,2014,,43,"Action,Adventure,Drama",5,14,Cause and XS,2019-02-12,20:00:00,60,2019-02-13 01:00:00,7.8,279570,8.3,1347,22,6,0,0,0,0,0
244,31,tt3107288,The Flash,2014,,43,"Action,Adventure,Drama",5,15,King Shark vs. Gorilla Grodd,2019-03-05,20:00:00,60,2019-03-06 01:00:00,7.8,279570,8.3,1261,22,6,0,0,0,0,0
245,31,tt3107288,The Flash,2014,,43,"Action,Adventure,Drama",5,16,Failure Is an Orphan,2019-03-12,20:00:00,60,2019-03-13 00:00:00,7.8,279570,8.5,1162,22,6,0,0,0,0,0
246,31,tt3107288,The Flash,2014,,43,"Action,Adventure,Drama",5,17,Time Bomb,2019-03-19,20:00:00,60,2019-03-20 00:00:00,7.8,279570,8.6,1296,22,6,0,0,0,0,0
247,31,tt3107288,The Flash,2014,,43,"Action,Adventure,Drama",5,18,Godspeed,2019-04-16,20:00:00,60,2019-04-17 00:00:00,7.8,279570,8.7,1531,22,6,0,0,0,0,0
248,31,tt3107288,The Flash,2014,,43,"Action,Adventure,Drama",5,19,Snow Pack,2019-04-23,20:00:00,60,2019-04-24 00:00:00,7.8,279570,8.0,1105,22,6,0,0,0,0,0
249,31,tt3107288,The Flash,2014,,43,"Action,Adventure,Drama",5,20,Gone Rogue,2019-04-30,20:00:00,60,2019-05-01 00:00:00,7.8,279570,7.6,1044,22,6,0,0,0,0,0
250,31,tt3107288,The Flash,2014,,43,"Action,Adventure,Drama",5,21,The Girl with the Red Lightning,2019-05-07,20:00:00,60,2019-05-08 00:00:00,7.8,279570,8.3,1035,22,6,0,0,0,0,0
251,31,tt3107288,The Flash,2014,,43,"Action,Adventure,Drama",5,22,Legacy,2019-05-14,20:00:00,60,2019-05-15 00:00:00,7.8,279570,9.0,1515,22,6,0,1,0,0,0
252,34,tt0367279,Arrested Development,2003,,22,Comedy,5,9,Unexpected Company,2019-03-15,,27,2019-03-15 12:00:00,8.8,258083,7.3,352,16,5,0,0,0,0,0
253,34,tt0367279,Arrested Development,2003,,22,Comedy,5,10,Taste Makers,2019-03-15,,25,2019-03-15 12:00:00,8.8,258083,7.4,325,16,5,0,0,0,0,0
254,34,tt0367279,Arrested Development,2003,,22,Comedy,5,11,Chain Migration,2019-03-15,,24,2019-03-15 12:00:00,8.8,258083,7.1,294,16,5,0,0,0,0,0
255,34,tt0367279,Arrested Development,2003,,22,Comedy,5,12,Check Mates,2019-03-15,,26,2019-03-15 12:00:00,8.8,258083,7.8,306,16,5,0,0,0,0,0
256,34,tt0367279,Arrested Development,2003,,22,Comedy,5,13,The Untethered Sole,2019-03-15,,28,2019-03-15 12:00:00,8.8,258083,7.3,286,16,5,0,0,0,0,0
257,34,tt0367279,Arrested Development,2003,,22,Comedy,5,14,Saving for Arraignment Day,2019-03-15,,28,2019-03-15 12:00:00,8.8,258083,7.1,280,16,5,0,0,0,0,0
258,34,tt0367279,Arrested Development,2003,,22,Comedy,5,15,Courting Disasters,2019-03-15,,31,2019-03-15 12:00:00,8.8,258083,7.6,282,16,5,0,0,0,0,0
259,34,tt0367279,Arrested Development,2003,,22,Comedy,5,16,The Fallout,2019-03-15,,48,2019-03-15 12:00:00,8.8,258083,8.1,367,16,5,0,1,0,0,0
260,35,tt2372162,Orange Is the New Black,2013,2019.0,59,"Comedy,Crime,Drama",6,1,Who Knows Better Than I,2018-07-27,,55,2018-07-27 12:00:00,8.1,258059,7.4,1183,13,7,0,0,0,1,0
261,35,tt2372162,Orange Is the New Black,2013,2019.0,59,"Comedy,Crime,Drama",6,2,Shitstorm Coming,2018-07-27,,58,2018-07-27 12:00:00,8.1,258059,7.8,899,13,7,0,0,0,0,0
262,35,tt2372162,Orange Is the New Black,2013,2019.0,59,"Comedy,Crime,Drama",6,3,Look Out for Number One,2018-07-27,,50,2018-07-27 12:00:00,8.1,258059,8.0,864,13,7,0,0,0,0,0
263,35,tt2372162,Orange Is the New Black,2013,2019.0,59,"Comedy,Crime,Drama",6,4,I'm the Talking Ass,2018-07-27,,56,2018-07-27 12:00:00,8.1,258059,8.1,824,13,7,0,0,0,0,0
264,35,tt2372162,Orange Is the New Black,2013,2019.0,59,"Comedy,Crime,Drama",6,5,Mischief Mischief,2018-07-27,,61,2018-07-27 12:00:00,8.1,258059,7.9,788,13,7,0,0,0,0,0
265,35,tt2372162,Orange Is the New Black,2013,2019.0,59,"Comedy,Crime,Drama",6,6,State of the Uterus,2018-07-27,,59,2018-07-27 12:00:00,8.1,258059,7.8,775,13,7,0,0,0,0,0
266,35,tt2372162,Orange Is the New Black,2013,2019.0,59,"Comedy,Crime,Drama",6,7,Changing Winds,2018-07-27,,58,2018-07-27 12:00:00,8.1,258059,7.9,738,13,7,0,0,0,0,0
267,35,tt2372162,Orange Is the New Black,2013,2019.0,59,"Comedy,Crime,Drama",6,8,Gordons,2018-07-27,,59,2018-07-27 12:00:00,8.1,258059,7.9,738,13,7,0,0,0,0,0
268,35,tt2372162,Orange Is the New Black,2013,2019.0,59,"Comedy,Crime,Drama",6,9,Break the String,2018-07-27,,60,2018-07-27 12:00:00,8.1,258059,8.1,731,13,7,0,0,0,0,0
269,35,tt2372162,Orange Is the New Black,2013,2019.0,59,"Comedy,Crime,Drama",6,10,Chocolate Chip Nookie,2018-07-27,,60,2018-07-27 12:00:00,8.1,258059,8.0,742,13,7,0,0,0,0,0
270,35,tt2372162,Orange Is the New Black,2013,2019.0,59,"Comedy,Crime,Drama",6,11,Well This Took a Dark Turn,2018-07-27,,61,2018-07-27 12:00:00,8.1,258059,8.3,763,13,7,0,0,0,0,0
271,35,tt2372162,Orange Is the New Black,2013,2019.0,59,"Comedy,Crime,Drama",6,12,Double Trouble,2018-07-27,,60,2018-07-27 12:00:00,8.1,258059,8.3,765,13,7,0,0,0,0,0
272,35,tt2372162,Orange Is the New Black,2013,2019.0,59,"Comedy,Crime,Drama",6,13,Be Free,2018-07-27,,85,2018-07-27 12:00:00,8.1,258059,8.9,1205,13,7,0,1,0,0,0
273,35,tt2372162,Orange Is the New Black,2013,2019.0,59,"Comedy,Crime,Drama",7,1,Beginning of the End,2019-07-26,,55,2019-07-26 12:00:00,8.1,258059,7.9,369,13,7,1,0,0,1,0
274,35,tt2372162,Orange Is the New Black,2013,2019.0,59,"Comedy,Crime,Drama",7,2,Just Desserts,2019-07-26,,56,2019-07-26 12:00:00,8.1,258059,8.1,284,13,7,1,0,0,0,0
275,35,tt2372162,Orange Is the New Black,2013,2019.0,59,"Comedy,Crime,Drama",7,3,And Brown is the New Orange,2019-07-26,,61,2019-07-26 12:00:00,8.1,258059,8.4,239,13,7,1,0,0,0,0
276,35,tt2372162,Orange Is the New Black,2013,2019.0,59,"Comedy,Crime,Drama",7,4,How to Do Life,2019-07-26,,61,2019-07-26 12:00:00,8.1,258059,8.9,237,13,7,1,0,0,0,0
277,35,tt2372162,Orange Is the New Black,2013,2019.0,59,"Comedy,Crime,Drama",7,5,Minority Deport,2019-07-26,,61,2019-07-26 12:00:00,8.1,258059,8.7,200,13,7,1,0,0,0,0
278,35,tt2372162,Orange Is the New Black,2013,2019.0,59,"Comedy,Crime,Drama",7,6,Trapped in an Elevator,2019-07-26,,60,2019-07-26 12:00:00,8.1,258059,8.7,163,13,7,1,0,0,0,0
279,35,tt2372162,Orange Is the New Black,2013,2019.0,59,"Comedy,Crime,Drama",7,7,Me as Well,2019-07-26,,61,2019-07-26 12:00:00,8.1,258059,8.3,146,13,7,1,0,0,0,0
280,35,tt2372162,Orange Is the New Black,2013,2019.0,59,"Comedy,Crime,Drama",7,8,Baker's Dozen,2019-07-26,,61,2019-07-26 12:00:00,8.1,258059,8.1,134,13,7,1,0,0,0,0
281,35,tt2372162,Orange Is the New Black,2013,2019.0,59,"Comedy,Crime,Drama",7,9,The Hidey Hole,2019-07-26,,60,2019-07-26 12:00:00,8.1,258059,8.6,120,13,7,1,0,0,0,0
282,35,tt2372162,Orange Is the New Black,2013,2019.0,59,"Comedy,Crime,Drama",7,10,The Thirteenth,2019-07-26,,61,2019-07-26 12:00:00,8.1,258059,8.7,107,13,7,1,0,0,0,0
283,35,tt2372162,Orange Is the New Black,2013,2019.0,59,"Comedy,Crime,Drama",7,11,God Bless America,2019-07-26,,61,2019-07-26 12:00:00,8.1,258059,9.3,127,13,7,1,0,0,0,0
284,35,tt2372162,Orange Is the New Black,2013,2019.0,59,"Comedy,Crime,Drama",7,12,The Big House,2019-07-26,,75,2019-07-26 12:00:00,8.1,258059,9.4,117,13,7,1,0,0,0,0
285,35,tt2372162,Orange Is the New Black,2013,2019.0,59,"Comedy,Crime,Drama",7,13,Here's Where We Get Off,2019-07-26,,89,2019-07-26 12:00:00,8.1,258059,9.4,178,13,7,1,1,1,0,0
286,37,tt3032476,Better Call Saul,2015,,46,"Crime,Drama",4,1,Smoke,2018-08-06,21:00:00,60,2018-08-07 01:00:00,8.7,253601,8.4,3743,10,4,0,0,0,1,0
287,37,tt3032476,Better Call Saul,2015,,46,"Crime,Drama",4,2,Breathe,2018-08-13,21:00:00,60,2018-08-14 01:00:00,8.7,253601,8.9,3614,10,4,0,0,0,0,0
288,37,tt3032476,Better Call Saul,2015,,46,"Crime,Drama",4,3,Something Beautiful,2018-08-20,21:00:00,60,2018-08-21 01:00:00,8.7,253601,8.7,3178,10,4,0,0,0,0,0
289,37,tt3032476,Better Call Saul,2015,,46,"Crime,Drama",4,4,Talk,2018-08-27,21:00:00,60,2018-08-28 01:00:00,8.7,253601,8.4,3026,10,4,0,0,0,0,0
290,37,tt3032476,Better Call Saul,2015,,46,"Crime,Drama",4,5,Quite a Ride,2018-09-03,21:00:00,60,2018-09-04 01:00:00,8.7,253601,8.8,3115,10,4,0,0,0,0,0
291,37,tt3032476,Better Call Saul,2015,,46,"Crime,Drama",4,6,Pi√±ata,2018-09-10,21:00:00,60,2018-09-11 01:00:00,8.7,253601,8.7,2956,10,4,0,0,0,0,0
292,37,tt3032476,Better Call Saul,2015,,46,"Crime,Drama",4,7,Something Stupid,2018-09-17,21:00:00,60,2018-09-18 01:00:00,8.7,253601,8.6,2857,10,4,0,0,0,0,0
293,37,tt3032476,Better Call Saul,2015,,46,"Crime,Drama",4,8,Coushatta,2018-09-24,21:00:00,60,2018-09-25 01:00:00,8.7,253601,9.0,3061,10,4,0,0,0,0,0
294,37,tt3032476,Better Call Saul,2015,,46,"Crime,Drama",4,9,Wiedersehen,2018-10-01,21:00:00,60,2018-10-02 01:00:00,8.7,253601,9.2,3148,10,4,0,0,0,0,0
295,37,tt3032476,Better Call Saul,2015,,46,"Crime,Drama",4,10,Winner,2018-10-08,21:00:00,60,2018-10-09 01:00:00,8.7,253601,9.6,4843,10,4,0,1,0,0,0
296,38,tt1844624,American Horror Story,2011,,60,"Drama,Horror,Thriller",8,1,The End,2018-09-12,22:00:00,60,2018-09-13 02:00:00,8.1,250881,8.1,3273,10,9,0,0,0,1,0
297,38,tt1844624,American Horror Story,2011,,60,"Drama,Horror,Thriller",8,2,The Morning After,2018-09-19,22:00:00,60,2018-09-20 02:00:00,8.1,250881,7.9,2428,10,9,0,0,0,0,0
298,38,tt1844624,American Horror Story,2011,,60,"Drama,Horror,Thriller",8,3,Forbidden Fruit,2018-09-26,22:00:00,60,2018-09-27 02:00:00,8.1,250881,8.7,2601,10,9,0,0,0,0,0
299,38,tt1844624,American Horror Story,2011,,60,"Drama,Horror,Thriller",8,4,Could It Be ... Satan?,2018-10-03,22:00:00,60,2018-10-04 02:00:00,8.1,250881,9.1,2946,10,9,0,0,0,0,0
300,38,tt1844624,American Horror Story,2011,,60,"Drama,Horror,Thriller",8,5,Boy Wonder,2018-10-10,22:00:00,60,2018-10-11 02:00:00,8.1,250881,8.8,2469,10,9,0,0,0,0,0
301,38,tt1844624,American Horror Story,2011,,60,"Drama,Horror,Thriller",8,6,Return to Murder House,2018-10-17,22:00:00,80,2018-10-18 02:00:00,8.1,250881,9.5,3994,10,9,0,0,0,0,0
302,38,tt1844624,American Horror Story,2011,,60,"Drama,Horror,Thriller",8,7,Traitor,2018-10-24,22:00:00,60,2018-10-25 02:00:00,8.1,250881,8.4,1914,10,9,0,0,0,0,0
303,38,tt1844624,American Horror Story,2011,,60,"Drama,Horror,Thriller",8,8,Sojourn,2018-10-31,22:00:00,60,2018-11-01 02:00:00,8.1,250881,6.7,2039,10,9,0,0,0,0,0
304,38,tt1844624,American Horror Story,2011,,60,"Drama,Horror,Thriller",8,9,Fire and Reign,2018-11-07,22:00:00,60,2018-11-08 03:00:00,8.1,250881,7.8,1620,10,9,0,0,0,0,0
305,38,tt1844624,American Horror Story,2011,,60,"Drama,Horror,Thriller",8,10,Apocalypse Then,2018-11-14,22:00:00,60,2018-11-15 03:00:00,8.1,250881,8.3,2172,10,9,0,1,0,0,0
306,48,tt0413573,Grey's Anatomy,2005,,41,"Drama,Romance",15,1,With a Wonder and a Wild Desire,2018-09-27,20:00:00,60,2018-09-28 00:00:00,7.6,215440,8.2,650,25,16,0,0,0,1,0
307,48,tt0413573,Grey's Anatomy,2005,,41,"Drama,Romance",15,2,Broken Together,2018-09-27,21:00:00,60,2018-09-28 01:00:00,7.6,215440,8.5,592,25,16,0,0,0,0,0
308,48,tt0413573,Grey's Anatomy,2005,,41,"Drama,Romance",15,3,Gut Feeling,2018-10-04,20:00:00,60,2018-10-05 00:00:00,7.6,215440,8.1,559,25,16,0,0,0,0,0
309,48,tt0413573,Grey's Anatomy,2005,,41,"Drama,Romance",15,4,Momma Knows Best,2018-10-11,20:00:00,60,2018-10-12 00:00:00,7.6,215440,8.4,566,25,16,0,0,0,0,0
310,48,tt0413573,Grey's Anatomy,2005,,41,"Drama,Romance",15,5,Everyday Angel,2018-10-25,20:00:00,60,2018-10-26 00:00:00,7.6,215440,8.1,519,25,16,0,0,0,0,0
311,48,tt0413573,Grey's Anatomy,2005,,41,"Drama,Romance",15,6,Flowers Grow Out of My Grave,2018-11-01,20:00:00,60,2018-11-02 00:00:00,7.6,215440,9.0,653,25,16,0,0,0,0,0
312,48,tt0413573,Grey's Anatomy,2005,,41,"Drama,Romance",15,7,Anybody Have a Map?,2018-11-08,20:00:00,60,2018-11-09 01:00:00,7.6,215440,8.8,578,25,16,0,0,0,0,0
313,48,tt0413573,Grey's Anatomy,2005,,41,"Drama,Romance",15,8,Blowin' in the Wind,2018-11-15,20:00:00,60,2018-11-16 01:00:00,7.6,215440,8.9,769,25,16,0,0,0,0,0
314,48,tt0413573,Grey's Anatomy,2005,,41,"Drama,Romance",15,9,Shelter from the Storm,2019-01-17,20:00:00,60,2019-01-18 01:00:00,7.6,215440,8.8,528,25,16,0,0,0,0,0
315,48,tt0413573,Grey's Anatomy,2005,,41,"Drama,Romance",15,10,"Help, I'm Alive",2019-01-24,20:00:00,60,2019-01-25 01:00:00,7.6,215440,8.4,477,25,16,0,0,0,0,0
316,48,tt0413573,Grey's Anatomy,2005,,41,"Drama,Romance",15,11,The Winner Takes It All,2019-01-31,20:00:00,60,2019-02-01 01:00:00,7.6,215440,8.9,524,25,16,0,0,0,0,0
317,48,tt0413573,Grey's Anatomy,2005,,41,"Drama,Romance",15,12,Girlfriend in a Coma,2019-02-07,20:00:00,60,2019-02-08 01:00:00,7.6,215440,8.9,558,25,16,0,0,0,0,0
318,48,tt0413573,Grey's Anatomy,2005,,41,"Drama,Romance",15,13,I Walk the Line,2019-02-14,20:00:00,60,2019-02-15 01:00:00,7.6,215440,7.6,505,25,16,0,0,0,0,0
319,48,tt0413573,Grey's Anatomy,2005,,41,"Drama,Romance",15,14,I Want a New Drug,2019-02-21,20:00:00,60,2019-02-22 01:00:00,7.6,215440,8.8,507,25,16,0,0,0,0,0
320,48,tt0413573,Grey's Anatomy,2005,,41,"Drama,Romance",15,15,We Didn't Start the Fire,2019-02-28,20:00:00,60,2019-03-01 01:00:00,7.6,215440,8.5,506,25,16,0,0,0,0,0
321,48,tt0413573,Grey's Anatomy,2005,,41,"Drama,Romance",15,16,Blood and Water,2019-03-07,20:00:00,60,2019-03-08 01:00:00,7.6,215440,7.1,465,25,16,0,0,0,0,0
322,48,tt0413573,Grey's Anatomy,2005,,41,"Drama,Romance",15,17,And Dream of Sheep,2019-03-14,20:00:00,60,2019-03-15 00:00:00,7.6,215440,7.2,444,25,16,0,0,0,0,0
323,48,tt0413573,Grey's Anatomy,2005,,41,"Drama,Romance",15,18,Add it Up,2019-03-21,20:00:00,60,2019-03-22 00:00:00,7.6,215440,7.4,445,25,16,0,0,0,0,0
324,48,tt0413573,Grey's Anatomy,2005,,41,"Drama,Romance",15,19,Silent All These Years,2019-03-28,20:00:00,60,2019-03-29 00:00:00,7.6,215440,9.7,1572,25,16,0,0,0,0,0
325,48,tt0413573,Grey's Anatomy,2005,,41,"Drama,Romance",15,20,The Whole Package,2019-04-04,20:00:00,60,2019-04-05 00:00:00,7.6,215440,7.6,437,25,16,0,0,0,0,0
326,48,tt0413573,Grey's Anatomy,2005,,41,"Drama,Romance",15,21,Good Shepherd,2019-04-11,20:00:00,60,2019-04-12 00:00:00,7.6,215440,9.0,503,25,16,0,0,0,0,0
327,48,tt0413573,Grey's Anatomy,2005,,41,"Drama,Romance",15,22,Head Over High Heels,2019-04-18,20:00:00,60,2019-04-19 00:00:00,7.6,215440,8.6,418,25,16,0,0,0,0,0
328,48,tt0413573,Grey's Anatomy,2005,,41,"Drama,Romance",15,23,What I Did for Love,2019-05-02,20:00:00,60,2019-05-03 00:00:00,7.6,215440,8.7,444,25,16,0,0,0,0,0
329,48,tt0413573,Grey's Anatomy,2005,,41,"Drama,Romance",15,24,Drawn to the Blood,2019-05-09,20:00:00,60,2019-05-10 00:00:00,7.6,215440,9.0,503,25,16,0,0,0,0,0
330,48,tt0413573,Grey's Anatomy,2005,,41,"Drama,Romance",15,25,Jump Into the Fog,2019-05-16,20:00:00,60,2019-05-17 00:00:00,7.6,215440,8.8,451,25,16,0,1,0,0,0
331,55,tt3749900,Gotham,2014,2019.0,42,"Action,Crime,Drama",5,1,Year Zero,2019-01-03,20:00:00,60,2019-01-04 01:00:00,7.9,197026,8.8,1396,12,5,1,0,0,1,0
332,55,tt3749900,Gotham,2014,2019.0,42,"Action,Crime,Drama",5,2,Trespassers,2019-01-10,20:00:00,60,2019-01-11 01:00:00,7.9,197026,8.4,1062,12,5,1,0,0,0,0
333,55,tt3749900,Gotham,2014,2019.0,42,"Action,Crime,Drama",5,3,"Penguin, Our Hero",2019-01-17,20:00:00,60,2019-01-18 01:00:00,7.9,197026,8.5,1028,12,5,1,0,0,0,0
334,55,tt3749900,Gotham,2014,2019.0,42,"Action,Crime,Drama",5,4,Ruin,2019-01-24,20:00:00,60,2019-01-25 01:00:00,7.9,197026,8.6,958,12,5,1,0,0,0,0
335,55,tt3749900,Gotham,2014,2019.0,42,"Action,Crime,Drama",5,5,Pena Dura,2019-01-31,20:00:00,60,2019-02-01 01:00:00,7.9,197026,8.4,939,12,5,1,0,0,0,0
336,55,tt3749900,Gotham,2014,2019.0,42,"Action,Crime,Drama",5,6,13 Stitches,2019-02-14,20:00:00,60,2019-02-15 01:00:00,7.9,197026,8.5,932,12,5,1,0,0,0,0
337,55,tt3749900,Gotham,2014,2019.0,42,"Action,Crime,Drama",5,7,Ace Chemicals,2019-02-21,20:00:00,60,2019-02-22 01:00:00,7.9,197026,9.0,1148,12,5,1,0,0,0,0
338,55,tt3749900,Gotham,2014,2019.0,42,"Action,Crime,Drama",5,8,Nothing's Shocking,2019-02-28,20:00:00,60,2019-03-01 01:00:00,7.9,197026,8.2,875,12,5,1,0,0,0,0
339,55,tt3749900,Gotham,2014,2019.0,42,"Action,Crime,Drama",5,9,The Trial of Jim Gordon,2019-03-07,20:00:00,60,2019-03-08 01:00:00,7.9,197026,8.1,885,12,5,1,0,0,0,0
340,55,tt3749900,Gotham,2014,2019.0,42,"Action,Crime,Drama",5,10,I Am Bane,2019-03-21,20:00:00,60,2019-03-22 00:00:00,7.9,197026,8.6,906,12,5,1,0,0,0,0
341,55,tt3749900,Gotham,2014,2019.0,42,"Action,Crime,Drama",5,11,They Did What?,2019-04-18,20:00:00,60,2019-04-19 00:00:00,7.9,197026,8.8,1021,12,5,1,0,0,0,0
342,55,tt3749900,Gotham,2014,2019.0,42,"Action,Crime,Drama",5,12,The Beginning...,2019-04-25,20:00:00,60,2019-04-26 00:00:00,7.9,197026,8.7,1596,12,5,1,1,1,0,0
343,58,tt0436992,Doctor Who,2005,,45,"Adventure,Drama,Family",11,1,The Woman Who Fell to Earth,2018-10-07,18:45:00,90,2018-10-07 17:45:00,8.7,185066,7.1,8153,10,11,0,0,0,1,0
344,58,tt0436992,Doctor Who,2005,,45,"Adventure,Drama,Family",11,2,The Ghost Monument,2018-10-14,18:55:00,70,2018-10-14 17:55:00,8.7,185066,6.2,6008,10,11,0,0,0,0,0
345,58,tt0436992,Doctor Who,2005,,45,"Adventure,Drama,Family",11,3,Rosa,2018-10-21,18:55:00,70,2018-10-21 17:55:00,8.7,185066,7.1,7120,10,11,0,0,0,0,0
346,58,tt0436992,Doctor Who,2005,,45,"Adventure,Drama,Family",11,4,Arachnids in the UK,2018-10-28,18:55:00,70,2018-10-28 18:55:00,8.7,185066,5.2,5203,10,11,0,0,0,0,0
347,58,tt0436992,Doctor Who,2005,,45,"Adventure,Drama,Family",11,5,The Tsuranga Conundrum,2018-11-04,18:55:00,75,2018-11-04 18:55:00,8.7,185066,5.1,4764,10,11,0,0,0,0,0
348,58,tt0436992,Doctor Who,2005,,45,"Adventure,Drama,Family",11,6,Demons of the Punjab,2018-11-11,19:00:00,70,2018-11-11 19:00:00,8.7,185066,6.6,4739,10,11,0,0,0,0,0
349,58,tt0436992,Doctor Who,2005,,45,"Adventure,Drama,Family",11,7,Kerblam!,2018-11-18,18:30:00,70,2018-11-18 18:30:00,8.7,185066,6.4,4022,10,11,0,0,0,0,0
350,58,tt0436992,Doctor Who,2005,,45,"Adventure,Drama,Family",11,8,The Witchfinders,2018-11-25,18:30:00,70,2018-11-25 18:30:00,8.7,185066,5.8,3703,10,11,0,0,0,0,0
351,58,tt0436992,Doctor Who,2005,,45,"Adventure,Drama,Family",11,9,It Takes You Away,2018-12-02,18:30:00,70,2018-12-02 18:30:00,8.7,185066,6.3,3481,10,11,0,0,0,0,0
352,58,tt0436992,Doctor Who,2005,,45,"Adventure,Drama,Family",11,10,The Battle of Ranskoor Av Kolos,2018-12-09,18:25:00,70,2018-12-09 18:25:00,8.7,185066,5.5,3024,10,11,0,1,0,0,0
353,59,tt2364582,Agents of S.H.I.E.L.D.,2013,,45,"Action,Adventure,Drama",6,1,Missing Pieces,2019-05-10,20:00:00,60,2019-05-11 00:00:00,7.5,184955,8.3,1173,13,6,0,0,0,1,0
354,59,tt2364582,Agents of S.H.I.E.L.D.,2013,,45,"Action,Adventure,Drama",6,2,Window of Opportunity,2019-05-17,20:00:00,60,2019-05-18 00:00:00,7.5,184955,8.4,878,13,6,0,0,0,0,0
355,59,tt2364582,Agents of S.H.I.E.L.D.,2013,,45,"Action,Adventure,Drama",6,3,Fear and Loathing on the Planet of Kitson,2019-05-24,20:00:00,60,2019-05-25 00:00:00,7.5,184955,8.6,1064,13,6,0,0,0,0,0
356,59,tt2364582,Agents of S.H.I.E.L.D.,2013,,45,"Action,Adventure,Drama",6,4,Code Yellow,2019-05-31,20:00:00,60,2019-06-01 00:00:00,7.5,184955,8.1,831,13,6,0,0,0,0,0
357,59,tt2364582,Agents of S.H.I.E.L.D.,2013,,45,"Action,Adventure,Drama",6,5,The Other Thing,2019-06-14,20:00:00,60,2019-06-15 00:00:00,7.5,184955,8.4,705,13,6,0,0,0,0,0
358,59,tt2364582,Agents of S.H.I.E.L.D.,2013,,45,"Action,Adventure,Drama",6,6,Inescapable,2019-06-21,21:00:00,60,2019-06-22 01:00:00,7.5,184955,9.1,1098,13,6,0,0,0,0,0
359,59,tt2364582,Agents of S.H.I.E.L.D.,2013,,45,"Action,Adventure,Drama",6,7,Toldja,2019-06-28,20:00:00,60,2019-06-29 00:00:00,7.5,184955,8.3,579,13,6,0,0,0,0,0
360,59,tt2364582,Agents of S.H.I.E.L.D.,2013,,45,"Action,Adventure,Drama",6,8,Collision Course (Part I),2019-07-05,20:00:00,60,2019-07-06 00:00:00,7.5,184955,8.7,550,13,6,0,0,0,0,0
361,59,tt2364582,Agents of S.H.I.E.L.D.,2013,,45,"Action,Adventure,Drama",6,9,Collision Course (Part II),2019-07-12,20:00:00,60,2019-07-13 00:00:00,7.5,184955,8.8,550,13,6,0,0,0,0,0
362,59,tt2364582,Agents of S.H.I.E.L.D.,2013,,45,"Action,Adventure,Drama",6,10,Leap,2019-07-19,20:00:00,60,2019-07-20 00:00:00,7.5,184955,9.0,454,13,6,0,0,0,0,0
363,59,tt2364582,Agents of S.H.I.E.L.D.,2013,,45,"Action,Adventure,Drama",6,11,From the Ashes,2019-07-26,20:00:00,60,2019-07-27 00:00:00,7.5,184955,8.7,217,13,6,0,0,0,0,0
364,62,tt2661044,The 100,2014,,43,"Drama,Mystery,Sci-Fi",5,12,Damocles - Part One,2018-07-31,20:00:00,60,2018-08-01 00:00:00,7.7,180846,9.2,1731,13,6,0,0,0,0,0
365,62,tt2661044,The 100,2014,,43,"Drama,Mystery,Sci-Fi",5,13,Damocles - Part Two,2018-08-07,20:00:00,60,2018-08-08 00:00:00,7.7,180846,9.7,3969,13,6,0,1,0,0,0
366,62,tt2661044,The 100,2014,,43,"Drama,Mystery,Sci-Fi",6,1,Sanctum,2019-04-30,21:00:00,60,2019-05-01 01:00:00,7.7,180846,9.0,2073,13,6,0,0,0,1,0
367,62,tt2661044,The 100,2014,,43,"Drama,Mystery,Sci-Fi",6,2,Red Sun Rising,2019-05-07,21:00:00,60,2019-05-08 01:00:00,7.7,180846,9.1,1641,13,6,0,0,0,0,0
368,62,tt2661044,The 100,2014,,43,"Drama,Mystery,Sci-Fi",6,3,The Children of Gabriel,2019-05-14,21:00:00,60,2019-05-15 01:00:00,7.7,180846,9.0,1497,13,6,0,0,0,0,0
369,62,tt2661044,The 100,2014,,43,"Drama,Mystery,Sci-Fi",6,4,The Face Behind the Glass,2019-05-21,21:00:00,60,2019-05-22 01:00:00,7.7,180846,9.2,1499,13,6,0,0,0,0,0
370,62,tt2661044,The 100,2014,,43,"Drama,Mystery,Sci-Fi",6,5,The Gospel of Josephine,2019-05-28,21:00:00,60,2019-05-29 01:00:00,7.7,180846,9.3,1387,13,6,0,0,0,0,0
371,62,tt2661044,The 100,2014,,43,"Drama,Mystery,Sci-Fi",6,6,Memento Mori,2019-06-11,21:00:00,60,2019-06-12 01:00:00,7.7,180846,9.0,1073,13,6,0,0,0,0,0
372,62,tt2661044,The 100,2014,,43,"Drama,Mystery,Sci-Fi",6,7,Nevermind,2019-06-18,21:00:00,60,2019-06-19 01:00:00,7.7,180846,9.1,1174,13,6,0,0,0,0,0
373,62,tt2661044,The 100,2014,,43,"Drama,Mystery,Sci-Fi",6,8,The Old Man and the Anomaly,2019-06-25,21:00:00,60,2019-06-26 01:00:00,7.7,180846,9.0,865,13,6,0,0,0,0,0
374,62,tt2661044,The 100,2014,,43,"Drama,Mystery,Sci-Fi",6,9,What You Take With You,2019-07-09,21:00:00,60,2019-07-10 01:00:00,7.7,180846,9.0,770,13,6,0,0,0,0,0
375,62,tt2661044,The 100,2014,,43,"Drama,Mystery,Sci-Fi",6,10,Matryoshka,2019-07-16,21:00:00,60,2019-07-17 01:00:00,7.7,180846,9.3,729,13,6,0,0,0,0,0
376,62,tt2661044,The 100,2014,,43,"Drama,Mystery,Sci-Fi",6,11,Ashes to Ashes,2019-07-23,21:00:00,60,2019-07-24 01:00:00,7.7,180846,9.1,404,13,6,0,0,0,0,0
377,64,tt2357547,Jessica Jones,2015,2019.0,56,"Action,Crime,Drama",3,1,A.K.A The Perfect Burger,2019-06-14,,52,2019-06-14 12:00:00,8.0,178057,7.7,1112,13,3,1,0,0,1,0
378,64,tt2357547,Jessica Jones,2015,2019.0,56,"Action,Crime,Drama",3,2,A.K.A You're Welcome,2019-06-14,,55,2019-06-14 12:00:00,8.0,178057,7.4,1075,13,3,1,0,0,0,0
379,64,tt2357547,Jessica Jones,2015,2019.0,56,"Action,Crime,Drama",3,3,A.K.A I Have No Spleen,2019-06-14,,56,2019-06-14 12:00:00,8.0,178057,7.6,936,13,3,1,0,0,0,0
380,64,tt2357547,Jessica Jones,2015,2019.0,56,"Action,Crime,Drama",3,4,A.K.A Customer Service is Standing By,2019-06-14,,46,2019-06-14 12:00:00,8.0,178057,7.9,885,13,3,1,0,0,0,0
381,64,tt2357547,Jessica Jones,2015,2019.0,56,"Action,Crime,Drama",3,5,A.K.A I Wish,2019-06-14,,53,2019-06-14 12:00:00,8.0,178057,8.1,855,13,3,1,0,0,0,0
382,64,tt2357547,Jessica Jones,2015,2019.0,56,"Action,Crime,Drama",3,6,A.K.A Sorry Face,2019-06-14,,53,2019-06-14 12:00:00,8.0,178057,8.0,806,13,3,1,0,0,0,0
383,64,tt2357547,Jessica Jones,2015,2019.0,56,"Action,Crime,Drama",3,7,A.K.A The Double Half-Wappinger,2019-06-14,,51,2019-06-14 12:00:00,8.0,178057,8.4,821,13,3,1,0,0,0,0
384,64,tt2357547,Jessica Jones,2015,2019.0,56,"Action,Crime,Drama",3,8,A.K.A Camera Friendly,2019-06-14,,44,2019-06-14 12:00:00,8.0,178057,8.7,846,13,3,1,0,0,0,0
385,64,tt2357547,Jessica Jones,2015,2019.0,56,"Action,Crime,Drama",3,9,A.K.A I Did Something Today,2019-06-14,,52,2019-06-14 12:00:00,8.0,178057,8.0,767,13,3,1,0,0,0,0
386,64,tt2357547,Jessica Jones,2015,2019.0,56,"Action,Crime,Drama",3,10,A.K.A Hero Pants,2019-06-14,,50,2019-06-14 12:00:00,8.0,178057,8.0,734,13,3,1,0,0,0,0
387,64,tt2357547,Jessica Jones,2015,2019.0,56,"Action,Crime,Drama",3,11,A.K.A Hellcat,2019-06-14,,48,2019-06-14 12:00:00,8.0,178057,7.8,774,13,3,1,0,0,0,0
388,64,tt2357547,Jessica Jones,2015,2019.0,56,"Action,Crime,Drama",3,12,A.K.A A Lotta Worms,2019-06-14,,49,2019-06-14 12:00:00,8.0,178057,8.6,779,13,3,1,0,0,0,0
389,64,tt2357547,Jessica Jones,2015,2019.0,56,"Action,Crime,Drama",3,13,A.K.A Everything,2019-06-14,,51,2019-06-14 12:00:00,8.0,178057,8.4,893,13,3,1,1,1,0,0
390,66,tt1586680,Shameless,2011,,46,"Comedy,Drama",9,1,"Are You There Shim? It's Me, Ian",2018-09-09,21:00:00,60,2018-09-10 01:00:00,8.7,172465,8.3,743,14,9,0,0,0,1,0
391,66,tt1586680,Shameless,2011,,46,"Comedy,Drama",9,2,Mo White!,2018-09-16,21:00:00,60,2018-09-17 01:00:00,8.7,172465,7.6,620,14,9,0,0,0,0,0
392,66,tt1586680,Shameless,2011,,46,"Comedy,Drama",9,3,Weirdo Gallagher Vortex,2018-09-23,21:00:00,60,2018-09-24 01:00:00,8.7,172465,7.8,571,14,9,0,0,0,0,0
393,66,tt1586680,Shameless,2011,,46,"Comedy,Drama",9,4,"Do Right, Vote White!",2018-09-30,21:00:00,60,2018-10-01 01:00:00,8.7,172465,8.0,598,14,9,0,0,0,0,0
394,66,tt1586680,Shameless,2011,,46,"Comedy,Drama",9,5,Black Haired Ginger,2018-10-07,21:00:00,60,2018-10-08 01:00:00,8.7,172465,8.4,573,14,9,0,0,0,0,0
395,66,tt1586680,Shameless,2011,,46,"Comedy,Drama",9,6,"Face It, You're Gorgeous",2018-10-14,21:00:00,60,2018-10-15 01:00:00,8.7,172465,9.2,914,14,9,0,0,0,0,0
396,66,tt1586680,Shameless,2011,,46,"Comedy,Drama",9,7,Down Like the Titanic,2018-10-21,21:00:00,60,2018-10-22 01:00:00,8.7,172465,8.6,577,14,9,0,0,0,0,0
397,66,tt1586680,Shameless,2011,,46,"Comedy,Drama",9,8,The Apple Doesn't Fall Far from the Alibi,2019-01-20,21:00:00,60,2019-01-21 02:00:00,8.7,172465,7.8,496,14,9,0,0,0,0,0
398,66,tt1586680,Shameless,2011,,46,"Comedy,Drama",9,9,Boooooooooooone!,2019-01-27,21:00:00,60,2019-01-28 02:00:00,8.7,172465,8.2,488,14,9,0,0,0,0,0
399,66,tt1586680,Shameless,2011,,46,"Comedy,Drama",9,10,Los Diablos!,2019-02-10,21:00:00,60,2019-02-11 02:00:00,8.7,172465,8.2,448,14,9,0,0,0,0,0
400,66,tt1586680,Shameless,2011,,46,"Comedy,Drama",9,11,The Hobo Games,2019-02-17,21:00:00,60,2019-02-18 02:00:00,8.7,172465,8.5,516,14,9,0,0,0,0,0
401,66,tt1586680,Shameless,2011,,46,"Comedy,Drama",9,12,You'll Know the Bottom When You Hit It,2019-02-24,21:00:00,60,2019-02-25 02:00:00,8.7,172465,8.6,488,14,9,0,0,0,0,0
402,66,tt1586680,Shameless,2011,,46,"Comedy,Drama",9,13,Lost,2019-03-03,21:00:00,60,2019-03-04 02:00:00,8.7,172465,8.6,451,14,9,0,0,0,0,0
403,66,tt1586680,Shameless,2011,,46,"Comedy,Drama",9,14,Found,2019-03-10,21:00:00,60,2019-03-11 01:00:00,8.7,172465,9.3,861,14,9,0,1,0,0,0
404,67,tt0472954,It's Always Sunny in Philadelphia,2005,,22,Comedy,13,1,The Gang Makes Paddy's Great Again,2018-09-05,22:00:00,30,2018-09-06 02:00:00,8.8,172292,7.9,1563,10,14,0,0,0,1,0
405,67,tt0472954,It's Always Sunny in Philadelphia,2005,,22,Comedy,13,2,The Gang Escapes,2018-09-12,22:00:00,30,2018-09-13 02:00:00,8.8,172292,8.3,1341,10,14,0,0,0,0,0
406,67,tt0472954,It's Always Sunny in Philadelphia,2005,,22,Comedy,13,3,The Gang Beats Boggs: Ladies Reboot,2018-09-19,22:00:00,30,2018-09-20 02:00:00,8.8,172292,7.0,2066,10,14,0,0,0,0,0
407,67,tt0472954,It's Always Sunny in Philadelphia,2005,,22,Comedy,13,4,Time's Up for the Gang,2018-09-26,22:00:00,30,2018-09-27 02:00:00,8.8,172292,9.3,1777,10,14,0,0,0,0,0
408,67,tt0472954,It's Always Sunny in Philadelphia,2005,,22,Comedy,13,5,The Gang Gets New Wheels,2018-10-03,22:00:00,30,2018-10-04 02:00:00,8.8,172292,9.1,1492,10,14,0,0,0,0,0
409,67,tt0472954,It's Always Sunny in Philadelphia,2005,,22,Comedy,13,6,The Gang Solves the Bathroom Problem,2018-10-10,22:00:00,30,2018-10-11 02:00:00,8.8,172292,8.4,1187,10,14,0,0,0,0,0
410,67,tt0472954,It's Always Sunny in Philadelphia,2005,,22,Comedy,13,7,The Gang Does a Clip Show,2018-10-17,22:00:00,30,2018-10-18 02:00:00,8.8,172292,7.6,1185,10,14,0,0,0,0,0
411,67,tt0472954,It's Always Sunny in Philadelphia,2005,,22,Comedy,13,8,Charlie's Home Alone,2018-10-24,22:00:00,30,2018-10-25 02:00:00,8.8,172292,6.9,1151,10,14,0,0,0,0,0
412,67,tt0472954,It's Always Sunny in Philadelphia,2005,,22,Comedy,13,9,The Gang Wins the Big Game,2018-10-31,22:00:00,30,2018-11-01 02:00:00,8.8,172292,6.9,973,10,14,0,0,0,0,0
413,67,tt0472954,It's Always Sunny in Philadelphia,2005,,22,Comedy,13,10,Mac Finds His Pride,2018-11-07,22:00:00,30,2018-11-08 03:00:00,8.8,172292,8.3,2169,10,14,0,1,0,0,0
414,71,tt2741602,The Blacklist,2013,,43,"Crime,Drama,Mystery",6,1,Dr. Hans Koehler,2019-01-03,22:00:00,60,2019-01-04 03:00:00,8.1,161752,8.5,740,22,7,0,0,0,1,0
415,71,tt2741602,The Blacklist,2013,,43,"Crime,Drama,Mystery",6,2,The Corsican,2019-01-04,21:00:00,60,2019-01-05 02:00:00,8.1,161752,8.9,751,22,7,0,0,0,0,0
416,71,tt2741602,The Blacklist,2013,,43,"Crime,Drama,Mystery",6,3,The Pharmacist,2019-01-11,21:00:00,60,2019-01-12 02:00:00,8.1,161752,8.7,617,22,7,0,0,0,0,0
417,71,tt2741602,The Blacklist,2013,,43,"Crime,Drama,Mystery",6,4,The Pawnbrokers,2019-01-18,21:00:00,60,2019-01-19 02:00:00,8.1,161752,8.7,588,22,7,0,0,0,0,0
418,71,tt2741602,The Blacklist,2013,,43,"Crime,Drama,Mystery",6,5,Alter Ego,2019-02-01,21:00:00,60,2019-02-02 02:00:00,8.1,161752,8.5,555,22,7,0,0,0,0,0
419,71,tt2741602,The Blacklist,2013,,43,"Crime,Drama,Mystery",6,6,The Ethicist,2019-02-08,21:00:00,60,2019-02-09 02:00:00,8.1,161752,8.3,526,22,7,0,0,0,0,0
420,71,tt2741602,The Blacklist,2013,,43,"Crime,Drama,Mystery",6,7,General Shiro,2019-02-15,21:00:00,60,2019-02-16 02:00:00,8.1,161752,8.2,517,22,7,0,0,0,0,0
421,71,tt2741602,The Blacklist,2013,,43,"Crime,Drama,Mystery",6,8,Marko Jankowics,2019-02-22,20:00:00,60,2019-02-23 01:00:00,8.1,161752,8.4,524,22,7,0,0,0,0,0
422,71,tt2741602,The Blacklist,2013,,43,"Crime,Drama,Mystery",6,9,Minister D,2019-02-22,21:00:00,60,2019-02-23 02:00:00,8.1,161752,9.1,640,22,7,0,0,0,0,0
423,71,tt2741602,The Blacklist,2013,,43,"Crime,Drama,Mystery",6,10,The Cryptobanker,2019-03-08,21:00:00,60,2019-03-09 02:00:00,8.1,161752,8.6,536,22,7,0,0,0,0,0
424,71,tt2741602,The Blacklist,2013,,43,"Crime,Drama,Mystery",6,11,Bastien Moreau,2019-03-15,21:00:00,60,2019-03-16 01:00:00,8.1,161752,9.1,688,22,7,0,0,0,0,0
425,71,tt2741602,The Blacklist,2013,,43,"Crime,Drama,Mystery",6,12,Bastien Moreau: Conclusion,2019-03-22,21:00:00,60,2019-03-23 01:00:00,8.1,161752,8.9,538,22,7,0,0,0,0,0
426,71,tt2741602,The Blacklist,2013,,43,"Crime,Drama,Mystery",6,13,Robert Vesco,2019-03-29,20:00:00,60,2019-03-30 00:00:00,8.1,161752,8.6,533,22,7,0,0,0,0,0
427,71,tt2741602,The Blacklist,2013,,43,"Crime,Drama,Mystery",6,14,The Osterman Umbrella Company,2019-03-29,21:00:00,60,2019-03-30 01:00:00,8.1,161752,9.3,690,22,7,0,0,0,0,0
428,71,tt2741602,The Blacklist,2013,,43,"Crime,Drama,Mystery",6,15,Olivia Olson,2019-04-05,21:00:00,60,2019-04-06 01:00:00,8.1,161752,8.4,452,22,7,0,0,0,0,0
429,71,tt2741602,The Blacklist,2013,,43,"Crime,Drama,Mystery",6,16,Lady Luck,2019-04-12,21:00:00,60,2019-04-13 01:00:00,8.1,161752,8.2,440,22,7,0,0,0,0,0
430,71,tt2741602,The Blacklist,2013,,43,"Crime,Drama,Mystery",6,17,The Third Estate,2019-04-19,21:00:00,60,2019-04-20 01:00:00,8.1,161752,8.3,447,22,7,0,0,0,0,0
431,71,tt2741602,The Blacklist,2013,,43,"Crime,Drama,Mystery",6,18,The Brockton College Killer,2019-04-26,20:00:00,60,2019-04-27 00:00:00,8.1,161752,8.6,476,22,7,0,0,0,0,0
432,71,tt2741602,The Blacklist,2013,,43,"Crime,Drama,Mystery",6,19,Rassvet,2019-04-26,21:00:00,60,2019-04-27 01:00:00,8.1,161752,9.4,846,22,7,0,0,0,0,0
433,71,tt2741602,The Blacklist,2013,,43,"Crime,Drama,Mystery",6,20,Guillermo Rizal,2019-05-03,20:00:00,60,2019-05-04 00:00:00,8.1,161752,8.4,451,22,7,0,0,0,0,0
434,71,tt2741602,The Blacklist,2013,,43,"Crime,Drama,Mystery",6,21,Anna McMahon,2019-05-10,20:00:00,60,2019-05-11 00:00:00,8.1,161752,9.1,595,22,7,0,0,0,0,0
435,71,tt2741602,The Blacklist,2013,,43,"Crime,Drama,Mystery",6,22,Robert Diaz,2019-05-17,20:00:00,60,2019-05-18 00:00:00,8.1,161752,9.2,762,22,7,0,1,0,0,0
436,73,tt4052886,Lucifer,2015,,42,"Crime,Drama,Fantasy",4,1,Everything's Okay,2019-05-08,,49,2019-05-08 12:00:00,8.2,160356,9.3,4538,10,4,0,0,0,1,0
437,73,tt4052886,Lucifer,2015,,42,"Crime,Drama,Fantasy",4,2,Somebody's Been Reading Dante's Inferno,2019-05-08,,50,2019-05-08 12:00:00,8.2,160356,9.4,4076,10,4,0,0,0,0,0
438,73,tt4052886,Lucifer,2015,,42,"Crime,Drama,Fantasy",4,3,"O, Ye of Little Faith, Father",2019-05-08,,49,2019-05-08 12:00:00,8.2,160356,9.4,3951,10,4,0,0,0,0,0
439,73,tt4052886,Lucifer,2015,,42,"Crime,Drama,Fantasy",4,4,All About Eve,2019-05-08,,49,2019-05-08 12:00:00,8.2,160356,9.4,3909,10,4,0,0,0,0,0
440,73,tt4052886,Lucifer,2015,,42,"Crime,Drama,Fantasy",4,5,Expire Erect,2019-05-08,,50,2019-05-08 12:00:00,8.2,160356,9.4,3814,10,4,0,0,0,0,0
441,73,tt4052886,Lucifer,2015,,42,"Crime,Drama,Fantasy",4,6,Orgy Pants to Work,2019-05-08,,50,2019-05-08 12:00:00,8.2,160356,9.3,3762,10,4,0,0,0,0,0
442,73,tt4052886,Lucifer,2015,,42,"Crime,Drama,Fantasy",4,7,Devil Is as Devil Does,2019-05-08,,49,2019-05-08 12:00:00,8.2,160356,9.5,3840,10,4,0,0,0,0,0
443,73,tt4052886,Lucifer,2015,,42,"Crime,Drama,Fantasy",4,8,Super Bad Boyfriend,2019-05-08,,52,2019-05-08 12:00:00,8.2,160356,9.4,3954,10,4,0,0,0,0,0
444,73,tt4052886,Lucifer,2015,,42,"Crime,Drama,Fantasy",4,9,Save Lucifer,2019-05-08,,51,2019-05-08 12:00:00,8.2,160356,9.7,4424,10,4,0,0,0,0,0
445,73,tt4052886,Lucifer,2015,,42,"Crime,Drama,Fantasy",4,10,Who's da New King of Hell?,2019-05-08,,56,2019-05-08 12:00:00,8.2,160356,9.8,5978,10,4,0,1,0,0,0
446,74,tt2467372,Brooklyn Nine-Nine,2013,,22,"Comedy,Crime",6,1,Honeymoon,2019-01-10,21:00:00,30,2019-01-11 02:00:00,8.4,157121,8.7,1434,18,6,0,0,0,1,0
447,74,tt2467372,Brooklyn Nine-Nine,2013,,22,"Comedy,Crime",6,2,Hitchcock & Scully,2019-01-17,21:00:00,30,2019-01-18 02:00:00,8.4,157121,8.9,1384,18,6,0,0,0,0,0
448,74,tt2467372,Brooklyn Nine-Nine,2013,,22,"Comedy,Crime",6,3,The Tattler,2019-01-24,21:00:00,30,2019-01-25 02:00:00,8.4,157121,8.0,1009,18,6,0,0,0,0,0
449,74,tt2467372,Brooklyn Nine-Nine,2013,,22,"Comedy,Crime",6,4,Four Movements,2019-01-31,21:00:00,30,2019-02-01 02:00:00,8.4,157121,7.7,1059,18,6,0,0,0,0,0
450,74,tt2467372,Brooklyn Nine-Nine,2013,,22,"Comedy,Crime",6,5,A Tale of Two Bandits,2019-02-07,21:00:00,30,2019-02-08 02:00:00,8.4,157121,8.4,994,18,6,0,0,0,0,0
451,74,tt2467372,Brooklyn Nine-Nine,2013,,22,"Comedy,Crime",6,6,The Crime Scene,2019-02-14,21:00:00,30,2019-02-15 02:00:00,8.4,157121,8.7,1026,18,6,0,0,0,0,0
452,74,tt2467372,Brooklyn Nine-Nine,2013,,22,"Comedy,Crime",6,7,The Honeypot,2019-02-21,21:00:00,30,2019-02-22 02:00:00,8.4,157121,8.7,1002,18,6,0,0,0,0,0
453,74,tt2467372,Brooklyn Nine-Nine,2013,,22,"Comedy,Crime",6,8,"He Said, She Said",2019-02-28,21:00:00,30,2019-03-01 02:00:00,8.4,157121,7.4,1684,18,6,0,0,0,0,0
454,74,tt2467372,Brooklyn Nine-Nine,2013,,22,"Comedy,Crime",6,9,The Golden Child,2019-03-07,21:00:00,30,2019-03-08 02:00:00,8.4,157121,8.5,887,18,6,0,0,0,0,0
455,74,tt2467372,Brooklyn Nine-Nine,2013,,22,"Comedy,Crime",6,10,Gintars,2019-03-14,21:00:00,30,2019-03-15 01:00:00,8.4,157121,7.8,757,18,6,0,0,0,0,0
456,74,tt2467372,Brooklyn Nine-Nine,2013,,22,"Comedy,Crime",6,11,The Therapist,2019-03-21,21:00:00,30,2019-03-22 01:00:00,8.4,157121,8.4,811,18,6,0,0,0,0,0
457,74,tt2467372,Brooklyn Nine-Nine,2013,,22,"Comedy,Crime",6,12,Casecation,2019-04-11,21:00:00,30,2019-04-12 01:00:00,8.4,157121,8.0,832,18,6,0,0,0,0,0
458,74,tt2467372,Brooklyn Nine-Nine,2013,,22,"Comedy,Crime",6,13,The Bimbo,2019-04-18,21:00:00,30,2019-04-19 01:00:00,8.4,157121,8.3,740,18,6,0,0,0,0,0
459,74,tt2467372,Brooklyn Nine-Nine,2013,,22,"Comedy,Crime",6,14,Ticking Clocks,2019-04-25,21:00:00,30,2019-04-26 01:00:00,8.4,157121,8.5,782,18,6,0,0,0,0,0
460,74,tt2467372,Brooklyn Nine-Nine,2013,,22,"Comedy,Crime",6,15,Return of the King,2019-05-02,21:00:00,30,2019-05-03 01:00:00,8.4,157121,6.7,898,18,6,0,0,0,0,0
461,74,tt2467372,Brooklyn Nine-Nine,2013,,22,"Comedy,Crime",6,16,Cinco de Mayo,2019-05-09,21:00:00,30,2019-05-10 01:00:00,8.4,157121,9.3,1078,18,6,0,0,0,0,0
462,74,tt2467372,Brooklyn Nine-Nine,2013,,22,"Comedy,Crime",6,17,Sicko,2019-05-16,21:00:00,30,2019-05-17 01:00:00,8.4,157121,8.7,672,18,6,0,0,0,0,0
463,74,tt2467372,Brooklyn Nine-Nine,2013,,22,"Comedy,Crime",6,18,Suicide Squad,2019-05-16,21:30:00,30,2019-05-17 01:30:00,8.4,157121,9.2,837,18,6,0,1,0,0,0
464,78,tt5675620,The Punisher,2017,2019.0,53,"Action,Adventure,Crime",2,1,Roadhouse Blues,2019-01-18,,53,2019-01-18 12:00:00,8.6,152682,9.0,4028,13,2,1,0,0,1,0
465,78,tt5675620,The Punisher,2017,2019.0,53,"Action,Adventure,Crime",2,2,Fight or Flight,2019-01-18,,55,2019-01-18 12:00:00,8.6,152682,8.4,3011,13,2,1,0,0,0,0
466,78,tt5675620,The Punisher,2017,2019.0,53,"Action,Adventure,Crime",2,3,Trouble the Water,2019-01-18,,51,2019-01-18 12:00:00,8.6,152682,9.0,3151,13,2,1,0,0,0,0
467,78,tt5675620,The Punisher,2017,2019.0,53,"Action,Adventure,Crime",2,4,Scar Tissue,2019-01-18,,58,2019-01-18 12:00:00,8.6,152682,8.0,2702,13,2,1,0,0,0,0
468,78,tt5675620,The Punisher,2017,2019.0,53,"Action,Adventure,Crime",2,5,One-Eyed Jacks,2019-01-18,,51,2019-01-18 12:00:00,8.6,152682,8.5,2587,13,2,1,0,0,0,0
469,78,tt5675620,The Punisher,2017,2019.0,53,"Action,Adventure,Crime",2,6,Nakazat,2019-01-18,,57,2019-01-18 12:00:00,8.6,152682,8.2,2486,13,2,1,0,0,0,0
470,78,tt5675620,The Punisher,2017,2019.0,53,"Action,Adventure,Crime",2,7,One Bad Day,2019-01-18,,52,2019-01-18 12:00:00,8.6,152682,8.5,2452,13,2,1,0,0,0,0
471,78,tt5675620,The Punisher,2017,2019.0,53,"Action,Adventure,Crime",2,8,My Brother's Keeper,2019-01-18,,49,2019-01-18 12:00:00,8.6,152682,8.4,2404,13,2,1,0,0,0,0
472,78,tt5675620,The Punisher,2017,2019.0,53,"Action,Adventure,Crime",2,9,Flustercluck,2019-01-18,,58,2019-01-18 12:00:00,8.6,152682,8.4,2347,13,2,1,0,0,0,0
473,78,tt5675620,The Punisher,2017,2019.0,53,"Action,Adventure,Crime",2,10,The Dark Hearts of Men,2019-01-18,,47,2019-01-18 12:00:00,8.6,152682,8.9,2587,13,2,1,0,0,0,0
474,78,tt5675620,The Punisher,2017,2019.0,53,"Action,Adventure,Crime",2,11,The Abyss,2019-01-18,,55,2019-01-18 12:00:00,8.6,152682,8.6,2348,13,2,1,0,0,0,0
475,78,tt5675620,The Punisher,2017,2019.0,53,"Action,Adventure,Crime",2,12,Collision Course,2019-01-18,,50,2019-01-18 12:00:00,8.6,152682,9.0,2498,13,2,1,0,0,0,0
476,78,tt5675620,The Punisher,2017,2019.0,53,"Action,Adventure,Crime",2,13,The Whirlwind,2019-01-18,,58,2019-01-18 12:00:00,8.6,152682,9.2,3140,13,2,1,1,1,0,0
477,80,tt6468322,Money Heist,2017,,70,"Action,Crime,Mystery",3,1,Hemos vuelto,2019-07-19,,50,2019-07-19 12:00:00,8.6,144291,8.5,3126,8,3,0,0,0,1,0
478,80,tt6468322,Money Heist,2017,,70,"Action,Crime,Mystery",3,2,Aikido,2019-07-19,,41,2019-07-19 12:00:00,8.6,144291,8.6,2531,8,3,0,0,0,0,0
479,80,tt6468322,Money Heist,2017,,70,"Action,Crime,Mystery",3,3,48 metros bajo el suelo,2019-07-19,,49,2019-07-19 12:00:00,8.6,144291,8.7,2309,8,3,0,0,0,0,0
480,80,tt6468322,Money Heist,2017,,70,"Action,Crime,Mystery",3,4,"Bum, bum, ciao",2019-07-19,,43,2019-07-19 12:00:00,8.6,144291,8.4,2088,8,3,0,0,0,0,0
481,80,tt6468322,Money Heist,2017,,70,"Action,Crime,Mystery",3,5,Las cajas rojas,2019-07-19,,49,2019-07-19 12:00:00,8.6,144291,8.4,2083,8,3,0,0,0,0,0
482,80,tt6468322,Money Heist,2017,,70,"Action,Crime,Mystery",3,6,Todo pareci√≥ insignificante,2019-07-19,,46,2019-07-19 12:00:00,8.6,144291,8.7,1987,8,3,0,0,0,0,0
483,80,tt6468322,Money Heist,2017,,70,"Action,Crime,Mystery",3,7,Peque√±as vacaciones,2019-07-19,,44,2019-07-19 12:00:00,8.6,144291,8.8,2027,8,3,0,0,0,0,0
484,80,tt6468322,Money Heist,2017,,70,"Action,Crime,Mystery",3,8,La deriva,2019-07-19,,57,2019-07-19 12:00:00,8.6,144291,9.6,4823,8,3,0,1,0,0,0
485,87,tt0452046,Criminal Minds,2005,,42,"Crime,Drama,Mystery",14,1,300,2018-10-03,22:00:00,60,2018-10-04 02:00:00,8.1,139594,9.1,722,15,14,0,0,0,1,0
486,87,tt0452046,Criminal Minds,2005,,42,"Crime,Drama,Mystery",14,2,Starter Home,2018-10-10,22:00:00,60,2018-10-11 02:00:00,8.1,139594,7.7,524,15,14,0,0,0,0,0
487,87,tt0452046,Criminal Minds,2005,,42,"Crime,Drama,Mystery",14,3,Rule 34,2018-10-17,22:00:00,60,2018-10-18 02:00:00,8.1,139594,7.5,490,15,14,0,0,0,0,0
488,87,tt0452046,Criminal Minds,2005,,42,"Crime,Drama,Mystery",14,4,Innocence,2018-10-24,22:00:00,60,2018-10-25 02:00:00,8.1,139594,7.3,442,15,14,0,0,0,0,0
489,87,tt0452046,Criminal Minds,2005,,42,"Crime,Drama,Mystery",14,5,The Tall Man,2018-10-31,22:00:00,60,2018-11-01 02:00:00,8.1,139594,8.2,671,15,14,0,0,0,0,0
490,87,tt0452046,Criminal Minds,2005,,42,"Crime,Drama,Mystery",14,6,Luke,2018-11-07,22:00:00,60,2018-11-08 03:00:00,8.1,139594,7.5,534,15,14,0,0,0,0,0
491,87,tt0452046,Criminal Minds,2005,,42,"Crime,Drama,Mystery",14,7,Twenty Seven,2018-11-14,22:00:00,60,2018-11-15 03:00:00,8.1,139594,7.6,464,15,14,0,0,0,0,0
492,87,tt0452046,Criminal Minds,2005,,42,"Crime,Drama,Mystery",14,8,Ashley,2018-11-21,22:00:00,60,2018-11-22 03:00:00,8.1,139594,7.5,449,15,14,0,0,0,0,0
493,87,tt0452046,Criminal Minds,2005,,42,"Crime,Drama,Mystery",14,9,Broken Wing,2018-12-05,22:00:00,60,2018-12-06 03:00:00,8.1,139594,6.5,377,15,14,0,0,0,0,0
494,87,tt0452046,Criminal Minds,2005,,42,"Crime,Drama,Mystery",14,10,Flesh and Blood,2018-12-12,22:00:00,60,2018-12-13 03:00:00,8.1,139594,6.6,383,15,14,0,0,0,0,0
495,87,tt0452046,Criminal Minds,2005,,42,"Crime,Drama,Mystery",14,11,Night Lights,2019-01-02,22:00:00,60,2019-01-03 03:00:00,8.1,139594,7.4,362,15,14,0,0,0,0,0
496,87,tt0452046,Criminal Minds,2005,,42,"Crime,Drama,Mystery",14,12,Hamelin,2019-01-09,22:00:00,60,2019-01-10 03:00:00,8.1,139594,7.4,406,15,14,0,0,0,0,0
497,87,tt0452046,Criminal Minds,2005,,42,"Crime,Drama,Mystery",14,13,Chameleon,2019-01-23,22:00:00,60,2019-01-24 03:00:00,8.1,139594,7.6,493,15,14,0,0,0,0,0
498,87,tt0452046,Criminal Minds,2005,,42,"Crime,Drama,Mystery",14,14,Sick and Evil,2019-01-30,22:00:00,60,2019-01-31 03:00:00,8.1,139594,6.6,306,15,14,0,0,0,0,0
499,87,tt0452046,Criminal Minds,2005,,42,"Crime,Drama,Mystery",14,15,Truth or Dare,2019-02-06,22:00:00,60,2019-02-07 03:00:00,8.1,139594,7.9,460,15,14,0,1,0,0,0
500,90,tt5753856,Dark,2017,,60,"Crime,Drama,Mystery",2,1,Anf√§nge und Enden,2019-06-21,,54,2019-06-21 12:00:00,8.7,129899,9.0,4438,8,2,0,0,0,1,0
501,90,tt5753856,Dark,2017,,60,"Crime,Drama,Mystery",2,2,Dunkle Materie,2019-06-21,,55,2019-06-21 12:00:00,8.7,129899,9.2,3980,8,2,0,0,0,0,0
502,90,tt5753856,Dark,2017,,60,"Crime,Drama,Mystery",2,3,Gespenster,2019-06-21,,56,2019-06-21 12:00:00,8.7,129899,9.3,3889,8,2,0,0,0,0,0
503,90,tt5753856,Dark,2017,,60,"Crime,Drama,Mystery",2,4,Die Reisenden,2019-06-21,,61,2019-06-21 12:00:00,8.7,129899,9.6,4264,8,2,0,0,0,0,0
504,90,tt5753856,Dark,2017,,60,"Crime,Drama,Mystery",2,5,Vom Suchen und Finden,2019-06-21,,56,2019-06-21 12:00:00,8.7,129899,9.5,3821,8,2,0,0,0,0,0
505,90,tt5753856,Dark,2017,,60,"Crime,Drama,Mystery",2,6,Ein unendlicher Kreis,2019-06-21,,55,2019-06-21 12:00:00,8.7,129899,9.7,4477,8,2,0,0,0,0,0
506,90,tt5753856,Dark,2017,,60,"Crime,Drama,Mystery",2,7,Der wei√üe Teufel,2019-06-21,,58,2019-06-21 12:00:00,8.7,129899,9.4,3660,8,2,0,0,0,0,0
507,90,tt5753856,Dark,2017,,60,"Crime,Drama,Mystery",2,8,Enden und Anf√§nge,2019-06-21,,58,2019-06-21 12:00:00,8.7,129899,9.6,4745,8,2,0,1,0,0,0
508,91,tt5834204,The Handmaid's Tale,2017,,60,"Drama,Sci-Fi,Thriller",3,1,Night,2019-06-05,,60,2019-06-05 16:00:00,8.5,127709,8.6,2103,13,3,0,0,0,1,0
509,91,tt5834204,The Handmaid's Tale,2017,,60,"Drama,Sci-Fi,Thriller",3,2,Mary and Martha,2019-06-05,,60,2019-06-05 16:00:00,8.5,127709,8.0,1660,13,3,0,0,0,0,0
510,91,tt5834204,The Handmaid's Tale,2017,,60,"Drama,Sci-Fi,Thriller",3,3,Useful,2019-06-05,,60,2019-06-05 16:00:00,8.5,127709,8.4,1666,13,3,0,0,0,0,0
511,91,tt5834204,The Handmaid's Tale,2017,,60,"Drama,Sci-Fi,Thriller",3,4,God Bless the Child,2019-06-12,,60,2019-06-12 16:00:00,8.5,127709,8.3,1394,13,3,0,0,0,0,0
512,91,tt5834204,The Handmaid's Tale,2017,,60,"Drama,Sci-Fi,Thriller",3,5,Unknown Caller,2019-06-19,,60,2019-06-19 16:00:00,8.5,127709,8.7,1551,13,3,0,0,0,0,0
513,91,tt5834204,The Handmaid's Tale,2017,,60,"Drama,Sci-Fi,Thriller",3,6,Household,2019-06-26,,60,2019-06-26 16:00:00,8.5,127709,8.4,1536,13,3,0,0,0,0,0
514,91,tt5834204,The Handmaid's Tale,2017,,60,"Drama,Sci-Fi,Thriller",3,7,Under His Eye,2019-07-03,12:00:00,60,2019-07-03 16:00:00,8.5,127709,7.2,1243,13,3,0,0,0,0,0
515,91,tt5834204,The Handmaid's Tale,2017,,60,"Drama,Sci-Fi,Thriller",3,8,Unfit,2019-07-10,,60,2019-07-10 16:00:00,8.5,127709,7.8,1224,13,3,0,0,0,0,0
516,91,tt5834204,The Handmaid's Tale,2017,,60,"Drama,Sci-Fi,Thriller",3,9,Heroic,2019-07-17,,60,2019-07-17 16:00:00,8.5,127709,5.8,1759,13,3,0,0,0,0,0
517,91,tt5834204,The Handmaid's Tale,2017,,60,"Drama,Sci-Fi,Thriller",3,10,Bear Witness,2019-07-24,,60,2019-07-24 16:00:00,8.5,127709,8.6,649,13,3,0,0,0,0,0
518,93,tt2560140,Attack on Titan,2013,,24,"Action,Adventure,Animation",3,2,Pain,2018-07-29,00:35:00,25,2018-07-29 15:35:00,8.8,125485,9.5,2780,22,3,0,0,0,0,0
519,93,tt2560140,Attack on Titan,2013,,24,"Action,Adventure,Animation",3,3,Old Story,2018-08-05,00:35:00,25,2018-08-05 15:35:00,8.8,125485,9.3,2425,22,3,0,0,0,0,0
520,93,tt2560140,Attack on Titan,2013,,24,"Action,Adventure,Animation",3,4,Trust,2018-08-12,00:35:00,25,2018-08-12 15:35:00,8.8,125485,9.1,2323,22,3,0,0,0,0,0
521,93,tt2560140,Attack on Titan,2013,,24,"Action,Adventure,Animation",3,5,Reply,2018-08-19,00:35:00,25,2018-08-19 15:35:00,8.8,125485,9.4,2329,22,3,0,0,0,0,0
522,93,tt2560140,Attack on Titan,2013,,24,"Action,Adventure,Animation",3,6,Sin,2018-08-26,00:35:00,25,2018-08-26 15:35:00,8.8,125485,9.6,2551,22,3,0,0,0,0,0
523,93,tt2560140,Attack on Titan,2013,,24,"Action,Adventure,Animation",3,7,Wish,2018-09-02,00:35:00,25,2018-09-02 15:35:00,8.8,125485,9.7,2980,22,3,0,0,0,0,0
524,93,tt2560140,Attack on Titan,2013,,24,"Action,Adventure,Animation",3,8,Outside the Walls of Orvud District,2018-09-09,00:35:00,25,2018-09-09 15:35:00,8.8,125485,9.4,2193,22,3,0,0,0,0,0
525,93,tt2560140,Attack on Titan,2013,,24,"Action,Adventure,Animation",3,9,Ruler of the Walls,2018-09-16,00:35:00,25,2018-09-16 15:35:00,8.8,125485,9.6,2349,22,3,0,0,0,0,0
526,93,tt2560140,Attack on Titan,2013,,24,"Action,Adventure,Animation",3,10,Friends,2018-09-23,00:35:00,25,2018-09-23 15:35:00,8.8,125485,9.5,2349,22,3,0,0,0,0,0
527,93,tt2560140,Attack on Titan,2013,,24,"Action,Adventure,Animation",3,11,Bystander,2018-10-07,00:35:00,25,2018-10-07 15:35:00,8.8,125485,9.4,2391,22,3,0,0,0,0,0
528,93,tt2560140,Attack on Titan,2013,,24,"Action,Adventure,Animation",3,12,Night of the Battle to Retake the Wall,2018-10-14,00:35:00,25,2018-10-14 15:35:00,8.8,125485,9.3,2479,22,3,0,0,0,0,0
529,93,tt2560140,Attack on Titan,2013,,24,"Action,Adventure,Animation",3,13,The Town Where Everything Began,2019-04-28,00:35:00,25,2019-04-28 15:35:00,8.8,125485,9.6,3875,22,3,0,0,0,0,0
530,93,tt2560140,Attack on Titan,2013,,24,"Action,Adventure,Animation",3,14,Thunder Spears,2019-05-05,02:00:00,25,2019-05-05 17:00:00,8.8,125485,9.6,3837,22,3,0,0,0,0,0
531,93,tt2560140,Attack on Titan,2013,,24,"Action,Adventure,Animation",3,15,Descent,2019-05-12,02:00:00,25,2019-05-12 17:00:00,8.8,125485,9.6,3952,22,3,0,0,0,0,0
532,93,tt2560140,Attack on Titan,2013,,24,"Action,Adventure,Animation",3,16,Perfect Game,2019-05-19,02:00:00,25,2019-05-19 17:00:00,8.8,125485,9.9,7291,22,3,0,0,0,0,0
533,93,tt2560140,Attack on Titan,2013,,24,"Action,Adventure,Animation",3,17,Hero,2019-05-26,02:00:00,25,2019-05-26 17:00:00,8.8,125485,10.0,21207,22,3,0,0,0,0,0
534,93,tt2560140,Attack on Titan,2013,,24,"Action,Adventure,Animation",3,18,Midnight Sun,2019-06-02,02:00:00,25,2019-06-02 17:00:00,8.8,125485,9.9,8359,22,3,0,0,0,0,0
535,93,tt2560140,Attack on Titan,2013,,24,"Action,Adventure,Animation",3,19,The Basement,2019-06-09,02:00:00,25,2019-06-09 17:00:00,8.8,125485,9.3,3802,22,3,0,0,0,0,0
536,93,tt2560140,Attack on Titan,2013,,24,"Action,Adventure,Animation",3,20,That Day,2019-06-16,02:00:00,25,2019-06-16 17:00:00,8.8,125485,9.9,6926,22,3,0,0,0,0,0
537,93,tt2560140,Attack on Titan,2013,,24,"Action,Adventure,Animation",3,21,The Attack Titan,2019-06-23,02:00:00,25,2019-06-23 17:00:00,8.8,125485,9.7,3237,22,3,0,0,0,0,0
538,93,tt2560140,Attack on Titan,2013,,24,"Action,Adventure,Animation",3,22,To the Other Side of the Wall,2019-06-30,02:00:00,25,2019-06-30 17:00:00,8.8,125485,9.5,2274,22,3,0,1,0,0,0
539,95,tt1486217,Archer,2009,,22,"Action,Animation,Comedy",10,1,Bort the Garj,2019-05-29,22:00:00,30,2019-05-30 02:00:00,8.6,125164,7.3,303,9,10,0,0,0,1,0
540,95,tt1486217,Archer,2009,,22,"Action,Animation,Comedy",10,2,Happy Borthday,2019-06-05,22:00:00,30,2019-06-06 02:00:00,8.6,125164,7.6,218,9,10,0,0,0,0,0
541,95,tt1486217,Archer,2009,,22,"Action,Animation,Comedy",10,3,The Leftovers,2019-06-12,22:00:00,30,2019-06-13 02:00:00,8.6,125164,7.8,184,9,10,0,0,0,0,0
542,95,tt1486217,Archer,2009,,22,"Action,Animation,Comedy",10,4,Dining with the Zarglorp,2019-06-19,22:00:00,30,2019-06-20 02:00:00,8.6,125164,7.6,164,9,10,0,0,0,0,0
543,95,tt1486217,Archer,2009,,22,"Action,Animation,Comedy",10,5,Mr. Deadly Goes to Town,2019-06-26,22:00:00,30,2019-06-27 02:00:00,8.6,125164,8.3,183,9,10,0,0,0,0,0
544,95,tt1486217,Archer,2009,,22,"Action,Animation,Comedy",10,6,Road Trip,2019-07-10,22:00:00,30,2019-07-11 02:00:00,8.6,125164,7.7,127,9,10,0,0,0,0,0
545,95,tt1486217,Archer,2009,,22,"Action,Animation,Comedy",10,7,Space Pirates,2019-07-17,22:00:00,30,2019-07-18 02:00:00,8.6,125164,8.0,117,9,10,0,0,0,0,0
546,95,tt1486217,Archer,2009,,22,"Action,Animation,Comedy",10,8,Cubert,2019-07-24,22:00:00,30,2019-07-25 02:00:00,8.6,125164,8.1,85,9,10,0,0,0,0,0
547,98,tt6763664,The Haunting of Hill House,2018,,50,"Drama,Horror,Mystery",1,1,Steven Sees a Ghost,2018-10-12,,60,2018-10-12 12:00:00,8.7,120676,8.3,5615,10,1,0,0,0,0,1
548,98,tt6763664,The Haunting of Hill House,2018,,50,"Drama,Horror,Mystery",1,2,Open Casket,2018-10-12,,60,2018-10-12 12:00:00,8.7,120676,8.0,5001,10,1,0,0,0,0,0
549,98,tt6763664,The Haunting of Hill House,2018,,50,"Drama,Horror,Mystery",1,3,Touch,2018-10-12,,60,2018-10-12 12:00:00,8.7,120676,8.7,5026,10,1,0,0,0,0,0
550,98,tt6763664,The Haunting of Hill House,2018,,50,"Drama,Horror,Mystery",1,4,The Twin Thing,2018-10-12,,60,2018-10-12 12:00:00,8.7,120676,8.6,4862,10,1,0,0,0,0,0
551,98,tt6763664,The Haunting of Hill House,2018,,50,"Drama,Horror,Mystery",1,5,The Bent-Neck Lady,2018-10-12,,60,2018-10-12 12:00:00,8.7,120676,9.5,8018,10,1,0,0,0,0,0
552,98,tt6763664,The Haunting of Hill House,2018,,50,"Drama,Horror,Mystery",1,6,Two Storms,2018-10-12,,60,2018-10-12 12:00:00,8.7,120676,9.4,7141,10,1,0,0,0,0,0
553,98,tt6763664,The Haunting of Hill House,2018,,50,"Drama,Horror,Mystery",1,7,Eulogy,2018-10-12,,60,2018-10-12 12:00:00,8.7,120676,8.4,4228,10,1,0,0,0,0,0
554,98,tt6763664,The Haunting of Hill House,2018,,50,"Drama,Horror,Mystery",1,8,Witness Marks,2018-10-12,,60,2018-10-12 12:00:00,8.7,120676,8.9,4474,10,1,0,0,0,0,0
555,98,tt6763664,The Haunting of Hill House,2018,,50,"Drama,Horror,Mystery",1,9,Screaming Meemies,2018-10-12,,60,2018-10-12 12:00:00,8.7,120676,8.9,4399,10,1,0,0,0,0,0
556,98,tt6763664,The Haunting of Hill House,2018,,50,"Drama,Horror,Mystery",1,10,Silence Lay Steadily,2018-10-12,,60,2018-10-12 12:00:00,8.7,120676,8.5,4979,10,1,0,1,0,0,0
557,1000,NA,Brokers,2018,,57,"Action,Adventure",1,1,Episode #1 (Brokers),2018-09-01,22:00:00,57,2018-01-01 01:00:00,6.1,160000,0.0,0,8,1,0,0,0,1,1
558,1000,NA,Brokers,2018,,57,"Action,Adventure",1,2,Episode #2 (Brokers),2018-09-08,22:00:00,57,2018-01-01 01:00:00,6.1,160000,0.0,0,8,1,0,0,0,0,0
559,1000,NA,Brokers,2018,,57,"Action,Adventure",1,3,Episode #3 (Brokers),2018-09-15,22:00:00,57,2018-01-01 01:00:00,6.1,160000,0.0,0,8,1,0,0,0,0,0
560,1000,NA,Brokers,2018,,57,"Action,Adventure",1,4,Episode #4 (Brokers),2018-09-22,22:00:00,57,2018-01-01 01:00:00,6.1,160000,0.0,0,8,1,0,0,0,0,0
561,1000,NA,Brokers,2018,,57,"Action,Adventure",1,5,Episode #5 (Brokers),2018-09-29,22:00:00,57,2018-01-01 01:00:00,6.1,160000,0.0,0,8,1,0,0,0,0,0
562,1000,NA,Brokers,2018,,57,"Action,Adventure",1,6,Episode #6 (Brokers),2018-10-06,22:00:00,57,2018-01-01 01:00:00,6.1,160000,0.0,0,8,1,0,0,0,0,0
563,1000,NA,Brokers,2018,,57,"Action,Adventure",1,7,Episode #7 (Brokers),2018-10-13,22:00:00,57,2018-01-01 01:00:00,6.1,160000,0.0,0,8,1,0,0,0,0,0
564,1000,NA,Brokers,2018,,57,"Action,Adventure",1,8,Episode #8 (Brokers),2018-10-20,22:00:00,57,2018-01-01 01:00:00,6.1,160000,0.0,0,8,1,0,1,0,0,0
565,1001,NA,Coder Contest,2018,2019.0,57,"Action,Adventure",1,1,Episode #1 (Coder Contest),2018-11-01,22:00:00,57,2018-01-01 01:00:00,6.5,95000,0.0,0,8,1,0,0,0,1,1
566,1001,NA,Coder Contest,2018,2019.0,57,"Action,Adventure",1,2,Episode #2 (Coder Contest),2018-11-08,22:00:00,57,2018-01-01 01:00:00,6.5,95000,0.0,0,8,1,0,0,0,0,0
567,1001,NA,Coder Contest,2018,2019.0,57,"Action,Adventure",1,3,Episode #3 (Coder Contest),2018-11-15,22:00:00,57,2018-01-01 01:00:00,6.5,95000,0.0,0,8,1,0,0,0,0,0
568,1001,NA,Coder Contest,2018,2019.0,57,"Action,Adventure",1,4,Episode #4 (Coder Contest),2018-11-22,22:00:00,57,2018-01-01 01:00:00,6.5,95000,0.0,0,8,1,0,0,0,0,0
569,1001,NA,Coder Contest,2018,2019.0,57,"Action,Adventure",1,5,Episode #5 (Coder Contest),2018-11-29,22:00:00,57,2018-01-01 01:00:00,6.5,95000,0.0,0,8,1,0,0,0,0,0
570,1001,NA,Coder Contest,2018,2019.0,57,"Action,Adventure",1,6,Episode #6 (Coder Contest),2018-12-06,22:00:00,57,2018-01-01 01:00:00,6.5,95000,0.0,0,8,1,0,0,0,0,0
571,1001,NA,Coder Contest,2018,2019.0,57,"Action,Adventure",1,7,Episode #7 (Coder Contest),2018-12-13,22:00:00,57,2018-01-01 01:00:00,6.5,95000,0.0,0,8,1,0,0,0,0,0
572,1001,NA,Coder Contest,2018,2019.0,57,"Action,Adventure",1,8,Episode #8 (Coder Contest),2018-12-20,22:00:00,57,2018-01-01 01:00:00,6.5,95000,0.0,0,8,1,1,1,1,0,0
573,1002,NA,Wonder Woman,2019,,57,"Action,Adventure",1,1,Episode #1 (Wonder Woman),2019-02-01,22:00:00,57,2018-01-01 01:00:00,9.3,730000,0.0,0,10,1,0,0,0,1,1
574,1002,NA,Wonder Woman,2019,,57,"Action,Adventure",1,2,Episode #2 (Wonder Woman),2019-02-08,22:00:00,57,2018-01-01 01:00:00,9.3,730000,0.0,0,10,1,0,0,0,0,0
575,1002,NA,Wonder Woman,2019,,57,"Action,Adventure",1,3,Episode #3 (Wonder Woman),2019-02-15,22:00:00,57,2018-01-01 01:00:00,9.3,730000,0.0,0,10,1,0,0,0,0,0
576,1002,NA,Wonder Woman,2019,,57,"Action,Adventure",1,4,Episode #4 (Wonder Woman),2019-02-22,22:00:00,57,2018-01-01 01:00:00,9.3,730000,0.0,0,10,1,0,0,0,0,0
577,1002,NA,Wonder Woman,2019,,57,"Action,Adventure",1,5,Episode #5 (Wonder Woman),2019-03-01,22:00:00,57,2018-01-01 01:00:00,9.3,730000,0.0,0,10,1,0,0,0,0,0
578,1002,NA,Wonder Woman,2019,,57,"Action,Adventure",1,6,Episode #6 (Wonder Woman),2019-03-08,22:00:00,57,2018-01-01 01:00:00,9.3,730000,0.0,0,10,1,0,0,0,0,0
579,1002,NA,Wonder Woman,2019,,57,"Action,Adventure",1,7,Episode #7 (Wonder Woman),2019-03-15,22:00:00,57,2018-01-01 01:00:00,9.3,730000,0.0,0,10,1,0,0,0,0,0
580,1002,NA,Wonder Woman,2019,,57,"Action,Adventure",1,8,Episode #8 (Wonder Woman),2019-03-22,22:00:00,57,2018-01-01 01:00:00,9.3,730000,0.0,0,10,1,0,0,0,0,0
581,1002,NA,Wonder Woman,2019,,57,"Action,Adventure",1,9,Episode #9 (Wonder Woman),2019-03-29,22:00:00,57,2018-01-01 01:00:00,9.3,730000,0.0,0,10,1,0,0,0,0,0
582,1002,NA,Wonder Woman,2019,,57,"Action,Adventure",1,10,Episode #10 (Wonder Woman),2019-04-05,22:00:00,57,2018-01-01 01:00:00,9.3,730000,0.0,0,10,1,0,1,0,0,0
583,1003,NA,Color Me Dead,2019,,22,"Action,Adventure",1,1,Episode #1 (Color Me Dead),2019-04-01,22:00:00,22,2018-01-01 01:00:00,8.9,613000,0.0,0,10,1,0,0,0,1,1
584,1003,NA,Color Me Dead,2019,,22,"Action,Adventure",1,2,Episode #2 (Color Me Dead),2019-04-08,22:00:00,22,2018-01-01 01:00:00,8.9,613000,0.0,0,10,1,0,0,0,0,0
585,1003,NA,Color Me Dead,2019,,22,"Action,Adventure",1,3,Episode #3 (Color Me Dead),2019-04-15,22:00:00,22,2018-01-01 01:00:00,8.9,613000,0.0,0,10,1,0,0,0,0,0
586,1003,NA,Color Me Dead,2019,,22,"Action,Adventure",1,4,Episode #4 (Color Me Dead),2019-04-22,22:00:00,22,2018-01-01 01:00:00,8.9,613000,0.0,0,10,1,0,0,0,0,0
587,1003,NA,Color Me Dead,2019,,22,"Action,Adventure",1,5,Episode #5 (Color Me Dead),2019-04-29,22:00:00,22,2018-01-01 01:00:00,8.9,613000,0.0,0,10,1,0,0,0,0,0
588,1003,NA,Color Me Dead,2019,,22,"Action,Adventure",1,6,Episode #6 (Color Me Dead),2019-05-06,22:00:00,22,2018-01-01 01:00:00,8.9,613000,0.0,0,10,1,0,0,0,0,0
589,1003,NA,Color Me Dead,2019,,22,"Action,Adventure",1,7,Episode #7 (Color Me Dead),2019-05-13,22:00:00,22,2018-01-01 01:00:00,8.9,613000,0.0,0,10,1,0,0,0,0,0
590,1003,NA,Color Me Dead,2019,,22,"Action,Adventure",1,8,Episode #8 (Color Me Dead),2019-05-20,22:00:00,22,2018-01-01 01:00:00,8.9,613000,0.0,0,10,1,0,0,0,0,0
591,1003,NA,Color Me Dead,2019,,22,"Action,Adventure",1,9,Episode #9 (Color Me Dead),2019-05-27,22:00:00,22,2018-01-01 01:00:00,8.9,613000,0.0,0,10,1,0,0,0,0,0
592,1003,NA,Color Me Dead,2019,,22,"Action,Adventure",1,10,Episode #10 (Color Me Dead),2019-06-03,22:00:00,22,2018-01-01 01:00:00,8.9,613000,0.0,0,10,1,0,1,0,0,0
