record_id,campaign_key,impressions,clicks,conversions,eventdate
1,0,0,0,9,2018-06-20
2,18060001,344050,1049,12,2018-06-20
3,18060000,354740,1046,12,2018-06-20
4,0,0,0,9,2018-06-21
5,18060001,344050,1049,12,2018-06-21
6,18060000,354740,1046,12,2018-06-21
7,0,0,0,9,2018-06-22
8,18060001,344050,1049,12,2018-06-22
9,18060000,354740,1046,12,2018-06-22
10,0,0,0,9,2018-06-23
11,18060001,344050,1049,12,2018-06-23
12,18060000,354740,1046,12,2018-06-23
13,0,0,0,9,2018-06-24
14,18060001,344050,1049,12,2018-06-24
15,18060000,354740,1046,12,2018-06-24
16,0,0,0,9,2018-06-25
17,18060001,344050,1049,12,2018-06-25
18,18060000,354740,1046,12,2018-06-25
19,0,0,0,9,2018-06-26
20,18060001,344050,1049,12,2018-06-26
21,18060000,354740,1046,12,2018-06-26
22,0,0,0,9,2018-06-27
23,18060001,344050,1049,12,2018-06-27
24,18060000,354740,1046,12,2018-06-27
25,0,0,0,9,2018-06-28
26,18060001,344050,1049,12,2018-06-28
27,18060000,354740,1046,12,2018-06-28
28,0,0,0,9,2018-06-29
29,18060001,344050,1049,12,2018-06-29
30,18060000,354740,1046,12,2018-06-29
31,0,0,0,9,2018-06-30
32,18060001,344050,1049,12,2018-06-30
33,18060000,354740,1046,12,2018-06-30
34,0,0,0,10,2018-07-01
35,18070001,357400,1095,13,2018-07-01
36,18070000,358950,1094,14,2018-07-01
37,0,0,0,10,2018-07-02
38,18070001,357400,1095,13,2018-07-02
39,18070000,358950,1094,14,2018-07-02
40,0,0,0,10,2018-07-03
41,18070001,357400,1095,13,2018-07-03
42,18070000,358950,1094,14,2018-07-03
43,0,0,0,10,2018-07-04
44,18070001,357400,1095,13,2018-07-04
45,18070000,358950,1094,14,2018-07-04
46,0,0,0,10,2018-07-05
47,18070001,357400,1095,13,2018-07-05
48,18070000,358950,1094,14,2018-07-05
49,0,0,0,10,2018-07-06
50,18070001,357400,1095,13,2018-07-06
51,18070000,358950,1094,14,2018-07-06
52,0,0,0,10,2018-07-07
53,18070001,357400,1095,13,2018-07-07
54,18070000,358950,1094,14,2018-07-07
55,0,0,0,10,2018-07-08
56,18070001,357400,1095,13,2018-07-08
57,18070000,358950,1094,14,2018-07-08
58,0,0,0,10,2018-07-09
59,18070001,357400,1095,13,2018-07-09
60,18070000,358950,1094,14,2018-07-09
61,0,0,0,10,2018-07-10
62,18070001,357400,1095,13,2018-07-10
63,18070000,358950,1094,14,2018-07-10
64,0,0,0,10,2018-07-11
65,18070001,357400,1095,13,2018-07-11
66,18070000,358950,1094,14,2018-07-11
67,0,0,0,10,2018-07-12
68,18070001,357400,1095,13,2018-07-12
69,18070000,358950,1094,14,2018-07-12
70,0,0,0,10,2018-07-13
71,18070001,357400,1095,13,2018-07-13
72,18070000,358950,1094,14,2018-07-13
73,0,0,0,10,2018-07-14
74,18070001,357400,1095,13,2018-07-14
75,18070000,358950,1094,14,2018-07-14
76,0,0,0,10,2018-07-15
77,18070001,357400,1095,13,2018-07-15
78,18070000,358950,1094,14,2018-07-15
79,0,0,0,10,2018-07-16
80,18070001,357400,1095,13,2018-07-16
81,18070000,358950,1094,14,2018-07-16
82,0,0,0,10,2018-07-17
83,18070001,357400,1095,13,2018-07-17
84,18070000,358950,1094,14,2018-07-17
85,0,0,0,10,2018-07-18
86,18070001,357400,1095,13,2018-07-18
87,18070000,358950,1094,14,2018-07-18
88,0,0,0,10,2018-07-19
89,18070001,357400,1095,13,2018-07-19
90,18070000,358950,1094,14,2018-07-19
91,0,0,0,10,2018-07-20
92,18070001,357400,1095,13,2018-07-20
93,18070000,358950,1094,14,2018-07-20
94,0,0,0,10,2018-07-21
95,18070001,357400,1095,13,2018-07-21
96,18070000,358950,1094,14,2018-07-21
97,0,0,0,10,2018-07-22
98,18070001,357400,1095,13,2018-07-22
99,18070000,358950,1094,14,2018-07-22
100,0,0,0,10,2018-07-23
101,18070001,357400,1095,13,2018-07-23
102,18070000,358950,1094,14,2018-07-23
103,0,0,0,10,2018-07-24
104,18070001,357400,1095,13,2018-07-24
105,18070000,358950,1094,14,2018-07-24
106,0,0,0,10,2018-07-25
107,18070001,357400,1095,13,2018-07-25
108,18070000,358950,1094,14,2018-07-25
109,0,0,0,10,2018-07-26
110,18070001,357400,1095,13,2018-07-26
111,18070000,358950,1094,14,2018-07-26
112,0,0,0,10,2018-07-27
113,18070001,357400,1095,13,2018-07-27
114,18070000,358950,1094,14,2018-07-27
115,0,0,0,10,2018-07-28
116,18070001,357400,1095,13,2018-07-28
117,18070000,358950,1094,14,2018-07-28
118,0,0,0,10,2018-07-29
119,18070001,357400,1095,13,2018-07-29
120,18070000,358950,1094,14,2018-07-29
121,0,0,0,10,2018-07-30
122,18070001,357400,1095,13,2018-07-30
123,18070000,358950,1094,14,2018-07-30
124,0,0,0,10,2018-07-31
125,18070001,357400,1095,13,2018-07-31
126,18070000,358950,1094,14,2018-07-31
127,0,0,0,14,2018-08-01
128,18080001,346260,1370,22,2018-08-01
129,18080000,348420,1071,13,2018-08-01
130,0,0,0,14,2018-08-02
131,18080001,346260,1370,22,2018-08-02
132,18080000,348420,1071,13,2018-08-02
133,0,0,0,14,2018-08-03
134,18080001,346260,1370,22,2018-08-03
135,18080000,348420,1071,13,2018-08-03
136,0,0,0,14,2018-08-04
137,18080001,346260,1370,22,2018-08-04
138,18080000,348420,1071,13,2018-08-04
139,0,0,0,14,2018-08-05
140,18080001,346260,1370,22,2018-08-05
141,18080000,348420,1071,13,2018-08-05
142,0,0,0,14,2018-08-06
143,18080001,346260,1370,22,2018-08-06
144,18080000,348420,1071,13,2018-08-06
145,0,0,0,14,2018-08-07
146,18080001,346260,1370,22,2018-08-07
147,18080000,348420,1071,13,2018-08-07
148,0,0,0,14,2018-08-08
149,18080001,346260,1370,22,2018-08-08
150,18080000,348420,1071,13,2018-08-08
151,0,0,0,14,2018-08-09
152,18080001,346260,1370,22,2018-08-09
153,18080000,348420,1071,13,2018-08-09
154,0,0,0,14,2018-08-10
155,18080001,346260,1370,22,2018-08-10
156,18080000,348420,1071,13,2018-08-10
157,0,0,0,14,2018-08-11
158,18080001,346260,1370,22,2018-08-11
159,18080000,348420,1071,13,2018-08-11
160,0,0,0,14,2018-08-12
161,18080001,346260,1370,22,2018-08-12
162,18080000,348420,1071,13,2018-08-12
163,0,0,0,14,2018-08-13
164,18080001,346260,1370,22,2018-08-13
165,18080000,348420,1071,13,2018-08-13
166,0,0,0,14,2018-08-14
167,18080001,346260,1370,22,2018-08-14
168,18080000,348420,1071,13,2018-08-14
169,0,0,0,14,2018-08-15
170,18080001,346260,1370,22,2018-08-15
171,18080000,348420,1071,13,2018-08-15
172,0,0,0,14,2018-08-16
173,18080001,346260,1370,22,2018-08-16
174,18080000,348420,1071,13,2018-08-16
175,0,0,0,14,2018-08-17
176,18080001,346260,1370,22,2018-08-17
177,18080000,348420,1071,13,2018-08-17
178,0,0,0,14,2018-08-18
179,18080001,346260,1370,22,2018-08-18
180,18080000,348420,1071,13,2018-08-18
181,0,0,0,14,2018-08-19
182,18080001,346260,1370,22,2018-08-19
183,18080000,348420,1071,13,2018-08-19
184,0,0,0,14,2018-08-20
185,18080001,346260,1370,22,2018-08-20
186,18080000,348420,1071,13,2018-08-20
187,0,0,0,14,2018-08-21
188,18080001,346260,1370,22,2018-08-21
189,18080000,348420,1071,13,2018-08-21
190,0,0,0,14,2018-08-22
191,18080001,346260,1370,22,2018-08-22
192,18080000,348420,1071,13,2018-08-22
193,0,0,0,14,2018-08-23
194,18080001,346260,1370,22,2018-08-23
195,18080000,348420,1071,13,2018-08-23
196,0,0,0,14,2018-08-24
197,18080001,346260,1370,22,2018-08-24
198,18080000,348420,1071,13,2018-08-24
199,0,0,0,14,2018-08-25
200,18080001,346260,1370,22,2018-08-25
201,18080000,348420,1071,13,2018-08-25
202,0,0,0,14,2018-08-26
203,18080001,346260,1370,22,2018-08-26
204,18080000,348420,1071,13,2018-08-26
205,0,0,0,14,2018-08-27
206,18080001,346260,1370,22,2018-08-27
207,18080000,348420,1071,13,2018-08-27
208,0,0,0,14,2018-08-28
209,18080001,346260,1370,22,2018-08-28
210,18080000,348420,1071,13,2018-08-28
211,0,0,0,14,2018-08-29
212,18080001,346260,1370,22,2018-08-29
213,18080000,348420,1071,13,2018-08-29
214,0,0,0,14,2018-08-30
215,18080001,346260,1370,22,2018-08-30
216,18080000,348420,1071,13,2018-08-30
217,0,0,0,14,2018-08-31
218,18080001,346260,1370,22,2018-08-31
219,18080000,348420,1071,13,2018-08-31
220,0,0,0,13,2018-09-01
221,18090000,351940,1055,14,2018-09-01
222,18090001,349400,1398,21,2018-09-01
223,0,0,0,13,2018-09-02
224,18090000,351940,1055,14,2018-09-02
225,18090001,349400,1398,21,2018-09-02
226,0,0,0,13,2018-09-03
227,18090000,351940,1055,14,2018-09-03
228,18090001,349400,1398,21,2018-09-03
229,0,0,0,13,2018-09-04
230,18090000,351940,1055,14,2018-09-04
231,18090001,349400,1398,21,2018-09-04
232,0,0,0,13,2018-09-05
233,18090000,351940,1055,14,2018-09-05
234,18090001,349400,1398,21,2018-09-05
235,0,0,0,13,2018-09-06
236,18090000,351940,1055,14,2018-09-06
237,18090001,349400,1398,21,2018-09-06
238,0,0,0,13,2018-09-07
239,18090000,351940,1055,14,2018-09-07
240,18090001,349400,1398,21,2018-09-07
241,0,0,0,13,2018-09-08
242,18090000,351940,1055,14,2018-09-08
243,18090001,349400,1398,21,2018-09-08
244,0,0,0,13,2018-09-09
245,18090000,351940,1055,14,2018-09-09
246,18090001,349400,1398,21,2018-09-09
247,0,0,0,13,2018-09-10
248,18090000,351940,1055,14,2018-09-10
249,18090001,349400,1398,21,2018-09-10
250,0,0,0,13,2018-09-11
251,18090000,351940,1055,14,2018-09-11
252,18090001,349400,1398,21,2018-09-11
253,0,0,0,13,2018-09-12
254,18090000,351940,1055,14,2018-09-12
255,18090001,349400,1398,21,2018-09-12
256,0,0,0,13,2018-09-13
257,18090000,351940,1055,14,2018-09-13
258,18090001,349400,1398,21,2018-09-13
259,0,0,0,13,2018-09-14
260,18090000,351940,1055,14,2018-09-14
261,18090001,349400,1398,21,2018-09-14
262,0,0,0,13,2018-09-15
263,18090000,351940,1055,14,2018-09-15
264,18090001,349400,1398,21,2018-09-15
265,0,0,0,13,2018-09-16
266,18090000,351940,1055,14,2018-09-16
267,18090001,349400,1398,21,2018-09-16
268,0,0,0,13,2018-09-17
269,18090000,351940,1055,14,2018-09-17
270,18090001,349400,1398,21,2018-09-17
271,0,0,0,13,2018-09-18
272,18090000,351940,1055,14,2018-09-18
273,18090001,349400,1398,21,2018-09-18
274,0,0,0,13,2018-09-19
275,18090000,351940,1055,14,2018-09-19
276,18090001,349400,1398,21,2018-09-19
277,0,0,0,13,2018-09-20
278,18090000,351940,1055,14,2018-09-20
279,18090001,349400,1398,21,2018-09-20
280,0,0,0,13,2018-09-21
281,18090000,351940,1055,14,2018-09-21
282,18090001,349400,1398,21,2018-09-21
283,0,0,0,13,2018-09-22
284,18090000,351940,1055,14,2018-09-22
285,18090001,349400,1398,21,2018-09-22
286,0,0,0,13,2018-09-23
287,18090000,351940,1055,14,2018-09-23
288,18090001,349400,1398,21,2018-09-23
289,0,0,0,13,2018-09-24
290,18090000,351940,1055,14,2018-09-24
291,18090001,349400,1398,21,2018-09-24
292,0,0,0,13,2018-09-25
293,18090000,351940,1055,14,2018-09-25
294,18090001,349400,1398,21,2018-09-25
295,0,0,0,13,2018-09-26
296,18090000,351940,1055,14,2018-09-26
297,18090001,349400,1398,21,2018-09-26
298,0,0,0,13,2018-09-27
299,18090000,351940,1055,14,2018-09-27
300,18090001,349400,1398,21,2018-09-27
301,0,0,0,13,2018-09-28
302,18090000,351940,1055,14,2018-09-28
303,18090001,349400,1398,21,2018-09-28
304,0,0,0,13,2018-09-29
305,18090000,351940,1055,14,2018-09-29
306,18090001,349400,1398,21,2018-09-29
307,0,0,0,13,2018-09-30
308,18090000,351940,1055,14,2018-09-30
309,18090001,349400,1398,21,2018-09-30
310,0,0,0,11,2018-10-01
311,18100000,354510,1088,14,2018-10-01
312,18100001,340330,1019,12,2018-10-01
313,0,0,0,11,2018-10-02
314,18100000,354510,1088,14,2018-10-02
315,18100001,340330,1019,12,2018-10-02
316,0,0,0,11,2018-10-03
317,18100000,354510,1088,14,2018-10-03
318,18100001,340330,1019,12,2018-10-03
319,0,0,0,11,2018-10-04
320,18100000,354510,1088,14,2018-10-04
321,18100001,340330,1019,12,2018-10-04
322,0,0,0,11,2018-10-05
323,18100000,354510,1088,14,2018-10-05
324,18100001,340330,1019,12,2018-10-05
325,0,0,0,11,2018-10-06
326,18100000,354510,1088,14,2018-10-06
327,18100001,340330,1019,12,2018-10-06
328,0,0,0,11,2018-10-07
329,18100000,354510,1088,14,2018-10-07
330,18100001,340330,1019,12,2018-10-07
331,0,0,0,11,2018-10-08
332,18100000,354510,1088,14,2018-10-08
333,18100001,340330,1019,12,2018-10-08
334,0,0,0,11,2018-10-09
335,18100000,354510,1088,14,2018-10-09
336,18100001,340330,1019,12,2018-10-09
337,0,0,0,11,2018-10-10
338,18100000,354510,1088,14,2018-10-10
339,18100001,340330,1019,12,2018-10-10
340,0,0,0,11,2018-10-11
341,18100000,354510,1088,14,2018-10-11
342,18100001,340330,1019,12,2018-10-11
343,0,0,0,11,2018-10-12
344,18100000,354510,1088,14,2018-10-12
345,18100001,340330,1019,12,2018-10-12
346,0,0,0,11,2018-10-13
347,18100000,354510,1088,14,2018-10-13
348,18100001,340330,1019,12,2018-10-13
349,0,0,0,11,2018-10-14
350,18100000,354510,1088,14,2018-10-14
351,18100001,340330,1019,12,2018-10-14
352,0,0,0,11,2018-10-15
353,18100000,354510,1088,14,2018-10-15
354,18100001,340330,1019,12,2018-10-15
355,0,0,0,11,2018-10-16
356,18100000,354510,1088,14,2018-10-16
357,18100001,340330,1019,12,2018-10-16
358,0,0,0,11,2018-10-17
359,18100000,354510,1088,14,2018-10-17
360,18100001,340330,1019,12,2018-10-17
361,0,0,0,11,2018-10-18
362,18100000,354510,1088,14,2018-10-18
363,18100001,340330,1019,12,2018-10-18
364,0,0,0,11,2018-10-19
365,18100000,354510,1088,14,2018-10-19
366,18100001,340330,1019,12,2018-10-19
367,0,0,0,11,2018-10-20
368,18100000,354510,1088,14,2018-10-20
369,18100001,340330,1019,12,2018-10-20
370,0,0,0,11,2018-10-21
371,18100000,354510,1088,14,2018-10-21
372,18100001,340330,1019,12,2018-10-21
373,0,0,0,11,2018-10-22
374,18100000,354510,1088,14,2018-10-22
375,18100001,340330,1019,12,2018-10-22
376,0,0,0,11,2018-10-23
377,18100000,354510,1088,14,2018-10-23
378,18100001,340330,1019,12,2018-10-23
379,0,0,0,11,2018-10-24
380,18100000,354510,1088,14,2018-10-24
381,18100001,340330,1019,12,2018-10-24
382,0,0,0,11,2018-10-25
383,18100000,354510,1088,14,2018-10-25
384,18100001,340330,1019,12,2018-10-25
385,0,0,0,11,2018-10-26
386,18100000,354510,1088,14,2018-10-26
387,18100001,340330,1019,12,2018-10-26
388,0,0,0,11,2018-10-27
389,18100000,354510,1088,14,2018-10-27
390,18100001,340330,1019,12,2018-10-27
391,0,0,0,11,2018-10-28
392,18100000,354510,1088,14,2018-10-28
393,18100001,340330,1019,12,2018-10-28
394,0,0,0,11,2018-10-29
395,18100000,354510,1088,14,2018-10-29
396,18100001,340330,1019,12,2018-10-29
397,0,0,0,11,2018-10-30
398,18100000,354510,1088,14,2018-10-30
399,18100001,340330,1019,12,2018-10-30
400,0,0,0,11,2018-10-31
401,18100000,354510,1088,14,2018-10-31
402,18100001,340330,1019,12,2018-10-31
403,0,0,0,8,2018-11-01
404,18110000,345700,1065,12,2018-11-01
405,18110001,352550,1047,13,2018-11-01
406,0,0,0,8,2018-11-02
407,18110000,345700,1065,12,2018-11-02
408,18110001,352550,1047,13,2018-11-02
409,0,0,0,8,2018-11-03
410,18110000,345700,1065,12,2018-11-03
411,18110001,352550,1047,13,2018-11-03
412,0,0,0,8,2018-11-04
413,18110000,345700,1065,12,2018-11-04
414,18110001,352550,1047,13,2018-11-04
415,0,0,0,8,2018-11-05
416,18110000,345700,1065,12,2018-11-05
417,18110001,352550,1047,13,2018-11-05
418,0,0,0,8,2018-11-06
419,18110000,345700,1065,12,2018-11-06
420,18110001,352550,1047,13,2018-11-06
421,0,0,0,8,2018-11-07
422,18110000,345700,1065,12,2018-11-07
423,18110001,352550,1047,13,2018-11-07
424,0,0,0,8,2018-11-08
425,18110000,345700,1065,12,2018-11-08
426,18110001,352550,1047,13,2018-11-08
427,0,0,0,8,2018-11-09
428,18110000,345700,1065,12,2018-11-09
429,18110001,352550,1047,13,2018-11-09
430,0,0,0,8,2018-11-10
431,18110000,345700,1065,12,2018-11-10
432,18110001,352550,1047,13,2018-11-10
433,0,0,0,8,2018-11-11
434,18110000,345700,1065,12,2018-11-11
435,18110001,352550,1047,13,2018-11-11
436,0,0,0,8,2018-11-12
437,18110000,345700,1065,12,2018-11-12
438,18110001,352550,1047,13,2018-11-12
439,0,0,0,8,2018-11-13
440,18110000,345700,1065,12,2018-11-13
441,18110001,352550,1047,13,2018-11-13
442,0,0,0,8,2018-11-14
443,18110000,345700,1065,12,2018-11-14
444,18110001,352550,1047,13,2018-11-14
445,0,0,0,8,2018-11-15
446,18110000,345700,1065,12,2018-11-15
447,18110001,352550,1047,13,2018-11-15
448,0,0,0,8,2018-11-16
449,18110000,345700,1065,12,2018-11-16
450,18110001,352550,1047,13,2018-11-16
451,0,0,0,8,2018-11-17
452,18110000,345700,1065,12,2018-11-17
453,18110001,352550,1047,13,2018-11-17
454,0,0,0,8,2018-11-18
455,18110000,345700,1065,12,2018-11-18
456,18110001,352550,1047,13,2018-11-18
457,0,0,0,8,2018-11-19
458,18110000,345700,1065,12,2018-11-19
459,18110001,352550,1047,13,2018-11-19
460,0,0,0,8,2018-11-20
461,18110000,345700,1065,12,2018-11-20
462,18110001,352550,1047,13,2018-11-20
463,0,0,0,8,2018-11-21
464,18110000,345700,1065,12,2018-11-21
465,18110001,352550,1047,13,2018-11-21
466,0,0,0,8,2018-11-22
467,18110000,345700,1065,12,2018-11-22
468,18110001,352550,1047,13,2018-11-22
469,0,0,0,8,2018-11-23
470,18110000,345700,1065,12,2018-11-23
471,18110001,352550,1047,13,2018-11-23
472,0,0,0,8,2018-11-24
473,18110000,345700,1065,12,2018-11-24
474,18110001,352550,1047,13,2018-11-24
475,0,0,0,8,2018-11-25
476,18110000,345700,1065,12,2018-11-25
477,18110001,352550,1047,13,2018-11-25
478,0,0,0,8,2018-11-26
479,18110000,345700,1065,12,2018-11-26
480,18110001,352550,1047,13,2018-11-26
481,0,0,0,8,2018-11-27
482,18110000,345700,1065,12,2018-11-27
483,18110001,352550,1047,13,2018-11-27
484,0,0,0,8,2018-11-28
485,18110000,345700,1065,12,2018-11-28
486,18110001,352550,1047,13,2018-11-28
487,0,0,0,8,2018-11-29
488,18110000,345700,1065,12,2018-11-29
489,18110001,352550,1047,13,2018-11-29
490,0,0,0,8,2018-11-30
491,18110000,345700,1065,12,2018-11-30
492,18110001,352550,1047,13,2018-11-30
493,0,0,0,9,2018-12-01
494,18120000,352120,1082,14,2018-12-01
495,18120001,342930,1017,14,2018-12-01
496,0,0,0,9,2018-12-02
497,18120000,352120,1082,14,2018-12-02
498,18120001,342930,1017,14,2018-12-02
499,0,0,0,9,2018-12-03
500,18120000,352120,1082,14,2018-12-03
501,18120001,342930,1017,14,2018-12-03
502,0,0,0,9,2018-12-04
503,18120000,352120,1082,14,2018-12-04
504,18120001,342930,1017,14,2018-12-04
505,0,0,0,9,2018-12-05
506,18120000,352120,1082,14,2018-12-05
507,18120001,342930,1017,14,2018-12-05
508,0,0,0,9,2018-12-06
509,18120000,352120,1082,14,2018-12-06
510,18120001,342930,1017,14,2018-12-06
511,0,0,0,9,2018-12-07
512,18120000,352120,1082,14,2018-12-07
513,18120001,342930,1017,14,2018-12-07
514,0,0,0,9,2018-12-08
515,18120000,352120,1082,14,2018-12-08
516,18120001,342930,1017,14,2018-12-08
517,0,0,0,9,2018-12-09
518,18120000,352120,1082,14,2018-12-09
519,18120001,342930,1017,14,2018-12-09
520,0,0,0,9,2018-12-10
521,18120000,352120,1082,14,2018-12-10
522,18120001,342930,1017,14,2018-12-10
523,0,0,0,9,2018-12-11
524,18120000,352120,1082,14,2018-12-11
525,18120001,342930,1017,14,2018-12-11
526,0,0,0,9,2018-12-12
527,18120000,352120,1082,14,2018-12-12
528,18120001,342930,1017,14,2018-12-12
529,0,0,0,9,2018-12-13
530,18120000,352120,1082,14,2018-12-13
531,18120001,342930,1017,14,2018-12-13
532,0,0,0,9,2018-12-14
533,18120000,352120,1082,14,2018-12-14
534,18120001,342930,1017,14,2018-12-14
535,0,0,0,9,2018-12-15
536,18120000,352120,1082,14,2018-12-15
537,18120001,342930,1017,14,2018-12-15
538,0,0,0,9,2018-12-16
539,18120000,352120,1082,14,2018-12-16
540,18120001,342930,1017,14,2018-12-16
541,0,0,0,9,2018-12-17
542,18120000,352120,1082,14,2018-12-17
543,18120001,342930,1017,14,2018-12-17
544,0,0,0,9,2018-12-18
545,18120000,352120,1082,14,2018-12-18
546,18120001,342930,1017,14,2018-12-18
547,0,0,0,9,2018-12-19
548,18120000,352120,1082,14,2018-12-19
549,18120001,342930,1017,14,2018-12-19
550,0,0,0,9,2018-12-20
551,18120000,352120,1082,14,2018-12-20
552,18120001,342930,1017,14,2018-12-20
553,0,0,0,9,2018-12-21
554,18120000,352120,1082,14,2018-12-21
555,18120001,342930,1017,14,2018-12-21
556,0,0,0,9,2018-12-22
557,18120000,352120,1082,14,2018-12-22
558,18120001,342930,1017,14,2018-12-22
559,0,0,0,9,2018-12-23
560,18120000,352120,1082,14,2018-12-23
561,18120001,342930,1017,14,2018-12-23
562,0,0,0,9,2018-12-24
563,18120000,352120,1082,14,2018-12-24
564,18120001,342930,1017,14,2018-12-24
565,0,0,0,9,2018-12-25
566,18120000,352120,1082,14,2018-12-25
567,18120001,342930,1017,14,2018-12-25
568,0,0,0,9,2018-12-26
569,18120000,352120,1082,14,2018-12-26
570,18120001,342930,1017,14,2018-12-26
571,0,0,0,9,2018-12-27
572,18120000,352120,1082,14,2018-12-27
573,18120001,342930,1017,14,2018-12-27
574,0,0,0,9,2018-12-28
575,18120000,352120,1082,14,2018-12-28
576,18120001,342930,1017,14,2018-12-28
577,0,0,0,9,2018-12-29
578,18120000,352120,1082,14,2018-12-29
579,18120001,342930,1017,14,2018-12-29
580,0,0,0,9,2018-12-30
581,18120000,352120,1082,14,2018-12-30
582,18120001,342930,1017,14,2018-12-30
583,0,0,0,9,2018-12-31
584,18120000,352120,1082,14,2018-12-31
585,18120001,342930,1017,14,2018-12-31
586,0,0,0,15,2019-01-01
587,19010000,349930,1060,13,2019-01-01
588,19010001,351780,1417,27,2019-01-01
589,0,0,0,15,2019-01-02
590,19010000,349930,1060,13,2019-01-02
591,19010001,351780,1417,27,2019-01-02
592,0,0,0,15,2019-01-03
593,19010000,349930,1060,13,2019-01-03
594,19010001,351780,1417,27,2019-01-03
595,0,0,0,15,2019-01-04
596,19010000,349930,1060,13,2019-01-04
597,19010001,351780,1417,27,2019-01-04
598,0,0,0,15,2019-01-05
599,19010000,349930,1060,13,2019-01-05
600,19010001,351780,1417,27,2019-01-05
601,0,0,0,15,2019-01-06
602,19010000,349930,1060,13,2019-01-06
603,19010001,351780,1417,27,2019-01-06
604,0,0,0,15,2019-01-07
605,19010000,349930,1060,13,2019-01-07
606,19010001,351780,1417,27,2019-01-07
607,0,0,0,15,2019-01-08
608,19010000,349930,1060,13,2019-01-08
609,19010001,351780,1417,27,2019-01-08
610,0,0,0,15,2019-01-09
611,19010000,349930,1060,13,2019-01-09
612,19010001,351780,1417,27,2019-01-09
613,0,0,0,15,2019-01-10
614,19010000,349930,1060,13,2019-01-10
615,19010001,351780,1417,27,2019-01-10
616,0,0,0,15,2019-01-11
617,19010000,349930,1060,13,2019-01-11
618,19010001,351780,1417,27,2019-01-11
619,0,0,0,15,2019-01-12
620,19010000,349930,1060,13,2019-01-12
621,19010001,351780,1417,27,2019-01-12
622,0,0,0,15,2019-01-13
623,19010000,349930,1060,13,2019-01-13
624,19010001,351780,1417,27,2019-01-13
625,0,0,0,15,2019-01-14
626,19010000,349930,1060,13,2019-01-14
627,19010001,351780,1417,27,2019-01-14
628,0,0,0,15,2019-01-15
629,19010000,349930,1060,13,2019-01-15
630,19010001,351780,1417,27,2019-01-15
631,0,0,0,15,2019-01-16
632,19010000,349930,1060,13,2019-01-16
633,19010001,351780,1417,27,2019-01-16
634,0,0,0,15,2019-01-17
635,19010000,349930,1060,13,2019-01-17
636,19010001,351780,1417,27,2019-01-17
637,0,0,0,15,2019-01-18
638,19010000,349930,1060,13,2019-01-18
639,19010001,351780,1417,27,2019-01-18
640,0,0,0,15,2019-01-19
641,19010000,349930,1060,13,2019-01-19
642,19010001,351780,1417,27,2019-01-19
643,0,0,0,15,2019-01-20
644,19010000,349930,1060,13,2019-01-20
645,19010001,351780,1417,27,2019-01-20
646,0,0,0,15,2019-01-21
647,19010000,349930,1060,13,2019-01-21
648,19010001,351780,1417,27,2019-01-21
649,0,0,0,15,2019-01-22
650,19010000,349930,1060,13,2019-01-22
651,19010001,351780,1417,27,2019-01-22
652,0,0,0,15,2019-01-23
653,19010000,349930,1060,13,2019-01-23
654,19010001,351780,1417,27,2019-01-23
655,0,0,0,15,2019-01-24
656,19010000,349930,1060,13,2019-01-24
657,19010001,351780,1417,27,2019-01-24
658,0,0,0,15,2019-01-25
659,19010000,349930,1060,13,2019-01-25
660,19010001,351780,1417,27,2019-01-25
661,0,0,0,15,2019-01-26
662,19010000,349930,1060,13,2019-01-26
663,19010001,351780,1417,27,2019-01-26
664,0,0,0,15,2019-01-27
665,19010000,349930,1060,13,2019-01-27
666,19010001,351780,1417,27,2019-01-27
667,0,0,0,15,2019-01-28
668,19010000,349930,1060,13,2019-01-28
669,19010001,351780,1417,27,2019-01-28
670,0,0,0,15,2019-01-29
671,19010000,349930,1060,13,2019-01-29
672,19010001,351780,1417,27,2019-01-29
673,0,0,0,15,2019-01-30
674,19010000,349930,1060,13,2019-01-30
675,19010001,351780,1417,27,2019-01-30
676,0,0,0,15,2019-01-31
677,19010000,349930,1060,13,2019-01-31
678,19010001,351780,1417,27,2019-01-31
679,0,0,0,16,2019-02-01
680,19020000,340700,1031,15,2019-02-01
681,19020001,342130,1399,25,2019-02-01
682,0,0,0,16,2019-02-02
683,19020000,340700,1031,15,2019-02-02
684,19020001,342130,1399,25,2019-02-02
685,0,0,0,16,2019-02-03
686,19020000,340700,1031,15,2019-02-03
687,19020001,342130,1399,25,2019-02-03
688,0,0,0,16,2019-02-04
689,19020000,340700,1031,15,2019-02-04
690,19020001,342130,1399,25,2019-02-04
691,0,0,0,16,2019-02-05
692,19020000,340700,1031,15,2019-02-05
693,19020001,342130,1399,25,2019-02-05
694,0,0,0,16,2019-02-06
695,19020000,340700,1031,15,2019-02-06
696,19020001,342130,1399,25,2019-02-06
697,0,0,0,16,2019-02-07
698,19020000,340700,1031,15,2019-02-07
699,19020001,342130,1399,25,2019-02-07
700,0,0,0,16,2019-02-08
701,19020000,340700,1031,15,2019-02-08
702,19020001,342130,1399,25,2019-02-08
703,0,0,0,16,2019-02-09
704,19020000,340700,1031,15,2019-02-09
705,19020001,342130,1399,25,2019-02-09
706,0,0,0,16,2019-02-10
707,19020000,340700,1031,15,2019-02-10
708,19020001,342130,1399,25,2019-02-10
709,0,0,0,16,2019-02-11
710,19020000,340700,1031,15,2019-02-11
711,19020001,342130,1399,25,2019-02-11
712,0,0,0,16,2019-02-12
713,19020000,340700,1031,15,2019-02-12
714,19020001,342130,1399,25,2019-02-12
715,0,0,0,16,2019-02-13
716,19020000,340700,1031,15,2019-02-13
717,19020001,342130,1399,25,2019-02-13
718,0,0,0,16,2019-02-14
719,19020000,340700,1031,15,2019-02-14
720,19020001,342130,1399,25,2019-02-14
721,0,0,0,16,2019-02-15
722,19020000,340700,1031,15,2019-02-15
723,19020001,342130,1399,25,2019-02-15
724,0,0,0,16,2019-02-16
725,19020000,340700,1031,15,2019-02-16
726,19020001,342130,1399,25,2019-02-16
727,0,0,0,16,2019-02-17
728,19020000,340700,1031,15,2019-02-17
729,19020001,342130,1399,25,2019-02-17
730,0,0,0,16,2019-02-18
731,19020000,340700,1031,15,2019-02-18
732,19020001,342130,1399,25,2019-02-18
733,0,0,0,16,2019-02-19
734,19020000,340700,1031,15,2019-02-19
735,19020001,342130,1399,25,2019-02-19
736,0,0,0,16,2019-02-20
737,19020000,340700,1031,15,2019-02-20
738,19020001,342130,1399,25,2019-02-20
739,0,0,0,16,2019-02-21
740,19020000,340700,1031,15,2019-02-21
741,19020001,342130,1399,25,2019-02-21
742,0,0,0,16,2019-02-22
743,19020000,340700,1031,15,2019-02-22
744,19020001,342130,1399,25,2019-02-22
745,0,0,0,16,2019-02-23
746,19020000,340700,1031,15,2019-02-23
747,19020001,342130,1399,25,2019-02-23
748,0,0,0,16,2019-02-24
749,19020000,340700,1031,15,2019-02-24
750,19020001,342130,1399,25,2019-02-24
751,0,0,0,16,2019-02-25
752,19020000,340700,1031,15,2019-02-25
753,19020001,342130,1399,25,2019-02-25
754,0,0,0,16,2019-02-26
755,19020000,340700,1031,15,2019-02-26
756,19020001,342130,1399,25,2019-02-26
757,0,0,0,16,2019-02-27
758,19020000,340700,1031,15,2019-02-27
759,19020001,342130,1399,25,2019-02-27
760,0,0,0,16,2019-02-28
761,19020000,340700,1031,15,2019-02-28
762,19020001,342130,1399,25,2019-02-28
763,0,0,0,20,2019-03-01
764,19030000,353760,1408,24,2019-03-01
765,19030001,326560,1177,15,2019-03-01
766,0,0,0,20,2019-03-02
767,19030000,353760,1408,24,2019-03-02
768,19030001,326560,1177,15,2019-03-02
769,0,0,0,20,2019-03-03
770,19030000,353760,1408,24,2019-03-03
771,19030001,326560,1177,15,2019-03-03
772,0,0,0,20,2019-03-04
773,19030000,353760,1408,24,2019-03-04
774,19030001,326560,1177,15,2019-03-04
775,0,0,0,20,2019-03-05
776,19030000,353760,1408,24,2019-03-05
777,19030001,326560,1177,15,2019-03-05
778,0,0,0,20,2019-03-06
779,19030000,353760,1408,24,2019-03-06
780,19030001,326560,1177,15,2019-03-06
781,0,0,0,20,2019-03-07
782,19030000,353760,1408,24,2019-03-07
783,19030001,326560,1177,15,2019-03-07
784,0,0,0,20,2019-03-08
785,19030000,353760,1408,24,2019-03-08
786,19030001,326560,1177,15,2019-03-08
787,0,0,0,20,2019-03-09
788,19030000,353760,1408,24,2019-03-09
789,19030001,326560,1177,15,2019-03-09
790,0,0,0,20,2019-03-10
791,19030000,353760,1408,24,2019-03-10
792,19030001,326560,1177,15,2019-03-10
793,0,0,0,20,2019-03-11
794,19030000,353760,1408,24,2019-03-11
795,19030001,326560,1177,15,2019-03-11
796,0,0,0,20,2019-03-12
797,19030000,353760,1408,24,2019-03-12
798,19030001,326560,1177,15,2019-03-12
799,0,0,0,20,2019-03-13
800,19030000,353760,1408,24,2019-03-13
801,19030001,326560,1177,15,2019-03-13
802,0,0,0,20,2019-03-14
803,19030000,353760,1408,24,2019-03-14
804,19030001,326560,1177,15,2019-03-14
805,0,0,0,20,2019-03-15
806,19030000,353760,1408,24,2019-03-15
807,19030001,326560,1177,15,2019-03-15
808,0,0,0,20,2019-03-16
809,19030000,353760,1408,24,2019-03-16
810,19030001,326560,1177,15,2019-03-16
811,0,0,0,20,2019-03-17
812,19030000,353760,1408,24,2019-03-17
813,19030001,326560,1177,15,2019-03-17
814,0,0,0,20,2019-03-18
815,19030000,353760,1408,24,2019-03-18
816,19030001,326560,1177,15,2019-03-18
817,0,0,0,20,2019-03-19
818,19030000,353760,1408,24,2019-03-19
819,19030001,326560,1177,15,2019-03-19
820,0,0,0,20,2019-03-20
821,19030000,353760,1408,24,2019-03-20
822,19030001,326560,1177,15,2019-03-20
823,0,0,0,20,2019-03-21
824,19030000,353760,1408,24,2019-03-21
825,19030001,326560,1177,15,2019-03-21
826,0,0,0,20,2019-03-22
827,19030000,353760,1408,24,2019-03-22
828,19030001,326560,1177,15,2019-03-22
829,0,0,0,20,2019-03-23
830,19030000,353760,1408,24,2019-03-23
831,19030001,326560,1177,15,2019-03-23
832,0,0,0,20,2019-03-24
833,19030000,353760,1408,24,2019-03-24
834,19030001,326560,1177,15,2019-03-24
835,0,0,0,20,2019-03-25
836,19030000,353760,1408,24,2019-03-25
837,19030001,326560,1177,15,2019-03-25
838,0,0,0,20,2019-03-26
839,19030000,353760,1408,24,2019-03-26
840,19030001,326560,1177,15,2019-03-26
841,0,0,0,20,2019-03-27
842,19030000,353760,1408,24,2019-03-27
843,19030001,326560,1177,15,2019-03-27
844,0,0,0,20,2019-03-28
845,19030000,353760,1408,24,2019-03-28
846,19030001,326560,1177,15,2019-03-28
847,0,0,0,20,2019-03-29
848,19030000,353760,1408,24,2019-03-29
849,19030001,326560,1177,15,2019-03-29
850,0,0,0,20,2019-03-30
851,19030000,353760,1408,24,2019-03-30
852,19030001,326560,1177,15,2019-03-30
853,0,0,0,20,2019-03-31
854,19030000,353760,1408,24,2019-03-31
855,19030001,326560,1177,15,2019-03-31
856,0,0,0,26,2019-04-01
857,19040000,317350,1201,21,2019-04-01
858,19040001,326220,1297,26,2019-04-01
859,0,0,0,26,2019-04-02
860,19040000,317350,1201,21,2019-04-02
861,19040001,326220,1297,26,2019-04-02
862,0,0,0,26,2019-04-03
863,19040000,317350,1201,21,2019-04-03
864,19040001,326220,1297,26,2019-04-03
865,0,0,0,26,2019-04-04
866,19040000,317350,1201,21,2019-04-04
867,19040001,326220,1297,26,2019-04-04
868,0,0,0,26,2019-04-05
869,19040000,317350,1201,21,2019-04-05
870,19040001,326220,1297,26,2019-04-05
871,0,0,0,26,2019-04-06
872,19040000,317350,1201,21,2019-04-06
873,19040001,326220,1297,26,2019-04-06
874,0,0,0,26,2019-04-07
875,19040000,317350,1201,21,2019-04-07
876,19040001,326220,1297,26,2019-04-07
877,0,0,0,26,2019-04-08
878,19040000,317350,1201,21,2019-04-08
879,19040001,326220,1297,26,2019-04-08
880,0,0,0,26,2019-04-09
881,19040000,317350,1201,21,2019-04-09
882,19040001,326220,1297,26,2019-04-09
883,0,0,0,26,2019-04-10
884,19040000,317350,1201,21,2019-04-10
885,19040001,326220,1297,26,2019-04-10
886,0,0,0,26,2019-04-11
887,19040000,317350,1201,21,2019-04-11
888,19040001,326220,1297,26,2019-04-11
889,0,0,0,26,2019-04-12
890,19040000,317350,1201,21,2019-04-12
891,19040001,326220,1297,26,2019-04-12
892,0,0,0,26,2019-04-13
893,19040000,317350,1201,21,2019-04-13
894,19040001,326220,1297,26,2019-04-13
895,0,0,0,26,2019-04-14
896,19040000,317350,1201,21,2019-04-14
897,19040001,326220,1297,26,2019-04-14
898,0,0,0,26,2019-04-15
899,19040000,317350,1201,21,2019-04-15
900,19040001,326220,1297,26,2019-04-15
901,0,0,0,26,2019-04-16
902,19040000,317350,1201,21,2019-04-16
903,19040001,326220,1297,26,2019-04-16
904,0,0,0,26,2019-04-17
905,19040000,317350,1201,21,2019-04-17
906,19040001,326220,1297,26,2019-04-17
907,0,0,0,26,2019-04-18
908,19040000,317350,1201,21,2019-04-18
909,19040001,326220,1297,26,2019-04-18
910,0,0,0,26,2019-04-19
911,19040000,317350,1201,21,2019-04-19
912,19040001,326220,1297,26,2019-04-19
913,0,0,0,26,2019-04-20
914,19040000,317350,1201,21,2019-04-20
915,19040001,326220,1297,26,2019-04-20
916,0,0,0,26,2019-04-21
917,19040000,317350,1201,21,2019-04-21
918,19040001,326220,1297,26,2019-04-21
919,0,0,0,26,2019-04-22
920,19040000,317350,1201,21,2019-04-22
921,19040001,326220,1297,26,2019-04-22
922,0,0,0,26,2019-04-23
923,19040000,317350,1201,21,2019-04-23
924,19040001,326220,1297,26,2019-04-23
925,0,0,0,26,2019-04-24
926,19040000,317350,1201,21,2019-04-24
927,19040001,326220,1297,26,2019-04-24
928,0,0,0,26,2019-04-25
929,19040000,317350,1201,21,2019-04-25
930,19040001,326220,1297,26,2019-04-25
931,0,0,0,26,2019-04-26
932,19040000,317350,1201,21,2019-04-26
933,19040001,326220,1297,26,2019-04-26
934,0,0,0,26,2019-04-27
935,19040000,317350,1201,21,2019-04-27
936,19040001,326220,1297,26,2019-04-27
937,0,0,0,26,2019-04-28
938,19040000,317350,1201,21,2019-04-28
939,19040001,326220,1297,26,2019-04-28
940,0,0,0,26,2019-04-29
941,19040000,317350,1201,21,2019-04-29
942,19040001,326220,1297,26,2019-04-29
943,0,0,0,26,2019-04-30
944,19040000,317350,1201,21,2019-04-30
945,19040001,326220,1297,26,2019-04-30
946,0,0,0,43,2019-05-01
947,19050000,330340,1251,21,2019-05-01
948,19050001,356580,1118,14,2019-05-01
949,0,0,0,43,2019-05-02
950,19050000,330340,1251,21,2019-05-02
951,19050001,356580,1118,14,2019-05-02
952,0,0,0,43,2019-05-03
953,19050000,330340,1251,21,2019-05-03
954,19050001,356580,1118,14,2019-05-03
955,0,0,0,43,2019-05-04
956,19050000,330340,1251,21,2019-05-04
957,19050001,356580,1118,14,2019-05-04
958,0,0,0,43,2019-05-05
959,19050000,330340,1251,21,2019-05-05
960,19050001,356580,1118,14,2019-05-05
961,0,0,0,43,2019-05-06
962,19050000,330340,1251,21,2019-05-06
963,19050001,356580,1118,14,2019-05-06
964,0,0,0,43,2019-05-07
965,19050000,330340,1251,21,2019-05-07
966,19050001,356580,1118,14,2019-05-07
967,0,0,0,43,2019-05-08
968,19050000,330340,1251,21,2019-05-08
969,19050001,356580,1118,14,2019-05-08
970,0,0,0,43,2019-05-09
971,19050000,330340,1251,21,2019-05-09
972,19050001,356580,1118,14,2019-05-09
973,0,0,0,43,2019-05-10
974,19050000,330340,1251,21,2019-05-10
975,19050001,356580,1118,14,2019-05-10
976,0,0,0,43,2019-05-11
977,19050000,330340,1251,21,2019-05-11
978,19050001,356580,1118,14,2019-05-11
979,0,0,0,43,2019-05-12
980,19050000,330340,1251,21,2019-05-12
981,19050001,356580,1118,14,2019-05-12
982,0,0,0,43,2019-05-13
983,19050000,330340,1251,21,2019-05-13
984,19050001,356580,1118,14,2019-05-13
985,0,0,0,43,2019-05-14
986,19050000,330340,1251,21,2019-05-14
987,19050001,356580,1118,14,2019-05-14
988,0,0,0,43,2019-05-15
989,19050000,330340,1251,21,2019-05-15
990,19050001,356580,1118,14,2019-05-15
991,0,0,0,43,2019-05-16
992,19050000,330340,1251,21,2019-05-16
993,19050001,356580,1118,14,2019-05-16
994,0,0,0,43,2019-05-17
995,19050000,330340,1251,21,2019-05-17
996,19050001,356580,1118,14,2019-05-17
997,0,0,0,43,2019-05-18
998,19050000,330340,1251,21,2019-05-18
999,19050001,356580,1118,14,2019-05-18
1000,0,0,0,43,2019-05-19
1001,19050000,330340,1251,21,2019-05-19
1002,19050001,356580,1118,14,2019-05-19
1003,0,0,0,43,2019-05-20
1004,19050000,330340,1251,21,2019-05-20
1005,19050001,356580,1118,14,2019-05-20
1006,0,0,0,43,2019-05-21
1007,19050000,330340,1251,21,2019-05-21
1008,19050001,356580,1118,14,2019-05-21
1009,0,0,0,43,2019-05-22
1010,19050000,330340,1251,21,2019-05-22
1011,19050001,356580,1118,14,2019-05-22
1012,0,0,0,43,2019-05-23
1013,19050000,330340,1251,21,2019-05-23
1014,19050001,356580,1118,14,2019-05-23
1015,0,0,0,43,2019-05-24
1016,19050000,330340,1251,21,2019-05-24
1017,19050001,356580,1118,14,2019-05-24
1018,0,0,0,43,2019-05-25
1019,19050000,330340,1251,21,2019-05-25
1020,19050001,356580,1118,14,2019-05-25
1021,0,0,0,43,2019-05-26
1022,19050000,330340,1251,21,2019-05-26
1023,19050001,356580,1118,14,2019-05-26
1024,0,0,0,43,2019-05-27
1025,19050000,330340,1251,21,2019-05-27
1026,19050001,356580,1118,14,2019-05-27
1027,0,0,0,43,2019-05-28
1028,19050000,330340,1251,21,2019-05-28
1029,19050001,356580,1118,14,2019-05-28
1030,0,0,0,43,2019-05-29
1031,19050000,330340,1251,21,2019-05-29
1032,19050001,356580,1118,14,2019-05-29
1033,0,0,0,43,2019-05-30
1034,19050000,330340,1251,21,2019-05-30
1035,19050001,356580,1118,14,2019-05-30
1036,0,0,0,43,2019-05-31
1037,19050000,330340,1251,21,2019-05-31
1038,19050001,356580,1118,14,2019-05-31
1039,0,0,0,70,2019-06-01
1040,19060000,334070,1266,21,2019-06-01
1041,19060001,354410,1118,14,2019-06-01
1042,0,0,0,70,2019-06-02
1043,19060000,334070,1266,21,2019-06-02
1044,19060001,354410,1118,14,2019-06-02
1045,0,0,0,70,2019-06-03
1046,19060000,334070,1266,21,2019-06-03
1047,19060001,354410,1118,14,2019-06-03
1048,0,0,0,70,2019-06-04
1049,19060000,334070,1266,21,2019-06-04
1050,19060001,354410,1118,14,2019-06-04
1051,0,0,0,70,2019-06-05
1052,19060000,334070,1266,21,2019-06-05
1053,19060001,354410,1118,14,2019-06-05
1054,0,0,0,70,2019-06-06
1055,19060000,334070,1266,21,2019-06-06
1056,19060001,354410,1118,14,2019-06-06
1057,0,0,0,70,2019-06-07
1058,19060000,334070,1266,21,2019-06-07
1059,19060001,354410,1118,14,2019-06-07
1060,0,0,0,70,2019-06-08
1061,19060000,334070,1266,21,2019-06-08
1062,19060001,354410,1118,14,2019-06-08
1063,0,0,0,70,2019-06-09
1064,19060000,334070,1266,21,2019-06-09
1065,19060001,354410,1118,14,2019-06-09
1066,0,0,0,70,2019-06-10
1067,19060000,334070,1266,21,2019-06-10
1068,19060001,354410,1118,14,2019-06-10
1069,0,0,0,70,2019-06-11
1070,19060000,334070,1266,21,2019-06-11
1071,19060001,354410,1118,14,2019-06-11
1072,0,0,0,70,2019-06-12
1073,19060000,334070,1266,21,2019-06-12
1074,19060001,354410,1118,14,2019-06-12
1075,0,0,0,70,2019-06-13
1076,19060000,334070,1266,21,2019-06-13
1077,19060001,354410,1118,14,2019-06-13
1078,0,0,0,70,2019-06-14
1079,19060000,334070,1266,21,2019-06-14
1080,19060001,354410,1118,14,2019-06-14
1081,0,0,0,70,2019-06-15
1082,19060000,334070,1266,21,2019-06-15
1083,19060001,354410,1118,14,2019-06-15
1084,0,0,0,70,2019-06-16
1085,19060000,334070,1266,21,2019-06-16
1086,19060001,354410,1118,14,2019-06-16
1087,0,0,0,70,2019-06-17
1088,19060000,334070,1266,21,2019-06-17
1089,19060001,354410,1118,14,2019-06-17
1090,0,0,0,70,2019-06-18
1091,19060000,334070,1266,21,2019-06-18
1092,19060001,354410,1118,14,2019-06-18
1093,0,0,0,70,2019-06-19
1094,19060000,334070,1266,21,2019-06-19
1095,19060001,354410,1118,14,2019-06-19
1096,0,0,0,70,2019-06-20
1097,19060000,334070,1266,21,2019-06-20
1098,19060001,354410,1118,14,2019-06-20
1099,0,0,0,70,2019-06-21
1100,19060000,334070,1266,21,2019-06-21
1101,19060001,354410,1118,14,2019-06-21
1102,0,0,0,70,2019-06-22
1103,19060000,334070,1266,21,2019-06-22
1104,19060001,354410,1118,14,2019-06-22
1105,0,0,0,70,2019-06-23
1106,19060000,334070,1266,21,2019-06-23
1107,19060001,354410,1118,14,2019-06-23
1108,0,0,0,70,2019-06-24
1109,19060000,334070,1266,21,2019-06-24
1110,19060001,354410,1118,14,2019-06-24
1111,0,0,0,70,2019-06-25
1112,19060000,334070,1266,21,2019-06-25
1113,19060001,354410,1118,14,2019-06-25
1114,0,0,0,70,2019-06-26
1115,19060000,334070,1266,21,2019-06-26
1116,19060001,354410,1118,14,2019-06-26
1117,0,0,0,70,2019-06-27
1118,19060000,334070,1266,21,2019-06-27
1119,19060001,354410,1118,14,2019-06-27
1120,0,0,0,70,2019-06-28
1121,19060000,334070,1266,21,2019-06-28
1122,19060001,354410,1118,14,2019-06-28
1123,0,0,0,70,2019-06-29
1124,19060000,334070,1266,21,2019-06-29
1125,19060001,354410,1118,14,2019-06-29
1126,0,0,0,70,2019-06-30
1127,19060000,334070,1266,21,2019-06-30
1128,19060001,354410,1118,14,2019-06-30
1129,0,0,0,114,2019-07-01
1130,19070000,322780,1233,22,2019-07-01
1131,19070001,354730,1128,16,2019-07-01
1132,0,0,0,114,2019-07-02
1133,19070000,322780,1233,22,2019-07-02
1134,19070001,354730,1128,16,2019-07-02
1135,0,0,0,114,2019-07-03
1136,19070000,322780,1233,22,2019-07-03
1137,19070001,354730,1128,16,2019-07-03
1138,0,0,0,114,2019-07-04
1139,19070000,322780,1233,22,2019-07-04
1140,19070001,354730,1128,16,2019-07-04
1141,0,0,0,114,2019-07-05
1142,19070000,322780,1233,22,2019-07-05
1143,19070001,354730,1128,16,2019-07-05
1144,0,0,0,114,2019-07-06
1145,19070000,322780,1233,22,2019-07-06
1146,19070001,354730,1128,16,2019-07-06
1147,0,0,0,114,2019-07-07
1148,19070000,322780,1233,22,2019-07-07
1149,19070001,354730,1128,16,2019-07-07
1150,0,0,0,114,2019-07-08
1151,19070000,322780,1233,22,2019-07-08
1152,19070001,354730,1128,16,2019-07-08
1153,0,0,0,114,2019-07-09
1154,19070000,322780,1233,22,2019-07-09
1155,19070001,354730,1128,16,2019-07-09
1156,0,0,0,114,2019-07-10
1157,19070000,322780,1233,22,2019-07-10
1158,19070001,354730,1128,16,2019-07-10
1159,0,0,0,114,2019-07-11
1160,19070000,322780,1233,22,2019-07-11
1161,19070001,354730,1128,16,2019-07-11
1162,0,0,0,114,2019-07-12
1163,19070000,322780,1233,22,2019-07-12
1164,19070001,354730,1128,16,2019-07-12
1165,0,0,0,114,2019-07-13
1166,19070000,322780,1233,22,2019-07-13
1167,19070001,354730,1128,16,2019-07-13
1168,0,0,0,114,2019-07-14
1169,19070000,322780,1233,22,2019-07-14
1170,19070001,354730,1128,16,2019-07-14
1171,0,0,0,114,2019-07-15
1172,19070000,322780,1233,22,2019-07-15
1173,19070001,354730,1128,16,2019-07-15
1174,0,0,0,114,2019-07-16
1175,19070000,322780,1233,22,2019-07-16
1176,19070001,354730,1128,16,2019-07-16
1177,0,0,0,114,2019-07-17
1178,19070000,322780,1233,22,2019-07-17
1179,19070001,354730,1128,16,2019-07-17
1180,0,0,0,114,2019-07-18
1181,19070000,322780,1233,22,2019-07-18
1182,19070001,354730,1128,16,2019-07-18
1183,0,0,0,114,2019-07-19
1184,19070000,322780,1233,22,2019-07-19
1185,19070001,354730,1128,16,2019-07-19
1186,0,0,0,114,2019-07-20
1187,19070000,322780,1233,22,2019-07-20
1188,19070001,354730,1128,16,2019-07-20
1189,0,0,0,114,2019-07-21
1190,19070000,322780,1233,22,2019-07-21
1191,19070001,354730,1128,16,2019-07-21
1192,0,0,0,114,2019-07-22
1193,19070000,322780,1233,22,2019-07-22
1194,19070001,354730,1128,16,2019-07-22
1195,0,0,0,114,2019-07-23
1196,19070000,322780,1233,22,2019-07-23
1197,19070001,354730,1128,16,2019-07-23
1198,0,0,0,114,2019-07-24
1199,19070000,322780,1233,22,2019-07-24
1200,19070001,354730,1128,16,2019-07-24
1201,0,0,0,114,2019-07-25
1202,19070000,322780,1233,22,2019-07-25
1203,19070001,354730,1128,16,2019-07-25
1204,0,0,0,114,2019-07-26
1205,19070000,322780,1233,22,2019-07-26
1206,19070001,354730,1128,16,2019-07-26
